ts,timestamp,symbol,session,archetype,direction,entry,stop,target,risk,reward,r_multiple,confidence,reasons,day_date,horizon,outcome,exit_price,ambiguous
1452177000,2016-01-07 09:30:00,ES,RR,strict_confluence,long,1946.0,1945.0,1953.0,1.0,7.0,7.0,0.6000000000000001,"['strict_confluence', 'cluster_wddrb_model_bias', 'model_up_bias', 'cluster_near_monthly']",2016-01-07,1h,target,1953.0,False
1452177000,2016-01-07 09:30:00,ES,RR,strict_confluence,long,1946.0,1945.0,1953.0,1.0,7.0,7.0,0.6000000000000001,"['strict_confluence', 'cluster_wddrb_model_bias', 'model_up_bias', 'cluster_near_monthly']",2016-01-07,2h,target,1953.0,False
1452177000,2016-01-07 09:30:00,ES,RR,strict_confluence,long,1946.0,1945.0,1953.0,1.0,7.0,7.0,0.6000000000000001,"['strict_confluence', 'cluster_wddrb_model_bias', 'model_up_bias', 'cluster_near_monthly']",2016-01-07,4h,target,1953.0,False
1452177000,2016-01-07 09:30:00,ES,RR,strict_confluence,long,1946.0,1945.0,1953.0,1.0,7.0,7.0,0.6000000000000001,"['strict_confluence', 'cluster_wddrb_model_bias', 'model_up_bias', 'cluster_near_monthly']",2016-01-07,session,target,1953.0,False
1453476600,2016-01-22 10:30:00,ES,RS,strict_confluence,long,1895.75,1887.0,1913.5,8.75,17.75,-1.0,0.7000000000000001,"['strict_confluence', 'cluster_wddrb_model_bias', 'model_up_bias', 'cluster_near_darkpool']",2016-01-22,1h,stop,1887.0,False
1453476600,2016-01-22 10:30:00,ES,RS,strict_confluence,long,1895.75,1887.0,1913.5,8.75,17.75,-1.0,0.7000000000000001,"['strict_confluence', 'cluster_wddrb_model_bias', 'model_up_bias', 'cluster_near_darkpool']",2016-01-22,2h,stop,1887.0,False
1453476600,2016-01-22 10:30:00,ES,RS,strict_confluence,long,1895.75,1887.0,1913.5,8.75,17.75,-1.0,0.7000000000000001,"['strict_confluence', 'cluster_wddrb_model_bias', 'model_up_bias', 'cluster_near_darkpool']",2016-01-22,4h,stop,1887.0,False
1453476600,2016-01-22 10:30:00,ES,RS,strict_confluence,long,1895.75,1887.0,1913.5,8.75,17.75,-1.0,0.7000000000000001,"['strict_confluence', 'cluster_wddrb_model_bias', 'model_up_bias', 'cluster_near_darkpool']",2016-01-22,session,stop,1887.0,False
1455723000,2016-02-17 10:30:00,ES,RS,strict_confluence,long,1917.0,1904.0,1933.0,13.0,16.0,0.3076923076923077,0.6500000000000001,"['strict_confluence', 'cluster_wddrb_model_bias', 'model_up_bias', 'cluster_near_monthly']",2016-02-17,1h,timeout,1921.0,False
1455723000,2016-02-17 10:30:00,ES,RS,strict_confluence,long,1917.0,1904.0,1933.0,13.0,16.0,0.5384615384615384,0.6500000000000001,"['strict_confluence', 'cluster_wddrb_model_bias', 'model_up_bias', 'cluster_near_monthly']",2016-02-17,2h,timeout,1924.0,False
1455723000,2016-02-17 10:30:00,ES,RS,strict_confluence,long,1917.0,1904.0,1933.0,13.0,16.0,0.5192307692307693,0.6500000000000001,"['strict_confluence', 'cluster_wddrb_model_bias', 'model_up_bias', 'cluster_near_monthly']",2016-02-17,4h,timeout,1923.75,False
1455723000,2016-02-17 10:30:00,ES,RS,strict_confluence,long,1917.0,1904.0,1933.0,13.0,16.0,0.46153846153846156,0.6500000000000001,"['strict_confluence', 'cluster_wddrb_model_bias', 'model_up_bias', 'cluster_near_monthly']",2016-02-17,session,timeout,1923.0,False
1456328400,2016-02-24 10:40:00,ES,RS,strict_confluence,short,1895.75,1900.5,1873.0,4.75,22.75,-1.0,0.6000000000000001,"['strict_confluence', 'cluster_wddrb_model_bias', 'model_down_bias', 'cluster_near_monthly']",2016-02-24,1h,stop,1900.5,False
1456328400,2016-02-24 10:40:00,ES,RS,strict_confluence,short,1895.75,1900.5,1873.0,4.75,22.75,-1.0,0.6000000000000001,"['strict_confluence', 'cluster_wddrb_model_bias', 'model_down_bias', 'cluster_near_monthly']",2016-02-24,2h,stop,1900.5,False
1456328400,2016-02-24 10:40:00,ES,RS,strict_confluence,short,1895.75,1900.5,1873.0,4.75,22.75,-1.0,0.6000000000000001,"['strict_confluence', 'cluster_wddrb_model_bias', 'model_down_bias', 'cluster_near_monthly']",2016-02-24,4h,stop,1900.5,False
1456328400,2016-02-24 10:40:00,ES,RS,strict_confluence,short,1895.75,1900.5,1873.0,4.75,22.75,-1.0,0.6000000000000001,"['strict_confluence', 'cluster_wddrb_model_bias', 'model_down_bias', 'cluster_near_monthly']",2016-02-24,session,stop,1900.5,False
1458321000,2016-03-18 13:10:00,ES,RS,strict_confluence,long,2035.75,2034.25,2051.25,1.5,15.5,-1.0,0.6000000000000001,"['strict_confluence', 'cluster_wddrb_model_bias', 'model_up_bias', 'cluster_near_darkpool']",2016-03-18,1h,stop,2034.25,False
1458321000,2016-03-18 13:10:00,ES,RS,strict_confluence,long,2035.75,2034.25,2051.25,1.5,15.5,-1.0,0.6000000000000001,"['strict_confluence', 'cluster_wddrb_model_bias', 'model_up_bias', 'cluster_near_darkpool']",2016-03-18,2h,stop,2034.25,False
1458321000,2016-03-18 13:10:00,ES,RS,strict_confluence,long,2035.75,2034.25,2051.25,1.5,15.5,-1.0,0.6000000000000001,"['strict_confluence', 'cluster_wddrb_model_bias', 'model_up_bias', 'cluster_near_darkpool']",2016-03-18,4h,stop,2034.25,False
1458321000,2016-03-18 13:10:00,ES,RS,strict_confluence,long,2035.75,2034.25,2051.25,1.5,15.5,-1.0,0.6000000000000001,"['strict_confluence', 'cluster_wddrb_model_bias', 'model_up_bias', 'cluster_near_darkpool']",2016-03-18,session,stop,2034.25,False
1458311700,2016-03-18 10:35:00,ES,RS,strict_confluence,long,2036.75,2034.25,2047.25,2.5,10.5,1.2,0.6000000000000001,"['strict_confluence', 'cluster_wddrb_model_bias', 'model_up_bias', 'cluster_near_darkpool']",2016-03-18,1h,timeout,2039.75,False
1458311700,2016-03-18 10:35:00,ES,RS,strict_confluence,long,2036.75,2034.25,2047.25,2.5,10.5,1.1,0.6000000000000001,"['strict_confluence', 'cluster_wddrb_model_bias', 'model_up_bias', 'cluster_near_darkpool']",2016-03-18,2h,timeout,2039.5,False
1458311700,2016-03-18 10:35:00,ES,RS,strict_confluence,long,2036.75,2034.25,2047.25,2.5,10.5,-1.0,0.6000000000000001,"['strict_confluence', 'cluster_wddrb_model_bias', 'model_up_bias', 'cluster_near_darkpool']",2016-03-18,4h,stop,2034.25,False
1458311700,2016-03-18 10:35:00,ES,RS,strict_confluence,long,2036.75,2034.25,2047.25,2.5,10.5,-1.0,0.6000000000000001,"['strict_confluence', 'cluster_wddrb_model_bias', 'model_up_bias', 'cluster_near_darkpool']",2016-03-18,session,stop,2034.25,False
1458570600,2016-03-21 10:30:00,ES,RS,strict_confluence,long,2034.75,2033.5,2049.5,1.25,14.75,-1.0,0.7000000000000001,"['strict_confluence', 'cluster_wddrb_model_bias', 'model_up_bias', 'cluster_near_darkpool']",2016-03-21,1h,stop,2033.5,False
1458570600,2016-03-21 10:30:00,ES,RS,strict_confluence,long,2034.75,2033.5,2049.5,1.25,14.75,-1.0,0.7000000000000001,"['strict_confluence', 'cluster_wddrb_model_bias', 'model_up_bias', 'cluster_near_darkpool']",2016-03-21,2h,stop,2033.5,False
1458570600,2016-03-21 10:30:00,ES,RS,strict_confluence,long,2034.75,2033.5,2049.5,1.25,14.75,-1.0,0.7000000000000001,"['strict_confluence', 'cluster_wddrb_model_bias', 'model_up_bias', 'cluster_near_darkpool']",2016-03-21,4h,stop,2033.5,False
1458570600,2016-03-21 10:30:00,ES,RS,strict_confluence,long,2034.75,2033.5,2049.5,1.25,14.75,-1.0,0.7000000000000001,"['strict_confluence', 'cluster_wddrb_model_bias', 'model_up_bias', 'cluster_near_darkpool']",2016-03-21,session,stop,2033.5,False
1458639300,2016-03-22 05:35:00,ES,OS,strict_confluence,short,2038.25,2044.5,2021.0,6.25,17.25,0.48,0.6000000000000001,"['strict_confluence', 'cluster_wddrb_model_bias', 'model_down_bias', 'cluster_near_weekly']",2016-03-22,1h,timeout,2035.25,False
1458639300,2016-03-22 05:35:00,ES,OS,strict_confluence,short,2038.25,2044.5,2021.0,6.25,17.25,0.32,0.6000000000000001,"['strict_confluence', 'cluster_wddrb_model_bias', 'model_down_bias', 'cluster_near_weekly']",2016-03-22,2h,timeout,2036.25,False
1458639300,2016-03-22 05:35:00,ES,OS,strict_confluence,short,2038.25,2044.5,2021.0,6.25,17.25,0.8,0.6000000000000001,"['strict_confluence', 'cluster_wddrb_model_bias', 'model_down_bias', 'cluster_near_weekly']",2016-03-22,4h,timeout,2033.25,False
1458639300,2016-03-22 05:35:00,ES,OS,strict_confluence,short,2038.25,2044.5,2021.0,6.25,17.25,0.6,0.6000000000000001,"['strict_confluence', 'cluster_wddrb_model_bias', 'model_down_bias', 'cluster_near_weekly']",2016-03-22,session,timeout,2034.5,False
1458633600,2016-03-22 04:00:00,ES,OS,strict_confluence,short,2035.0,2044.5,2021.0,9.5,14.0,0.05263157894736842,0.6000000000000001,"['strict_confluence', 'cluster_wddrb_model_bias', 'model_down_bias', 'cluster_near_darkpool']",2016-03-22,1h,timeout,2034.5,False
1458633600,2016-03-22 04:00:00,ES,OS,strict_confluence,short,2035.0,2044.5,2021.0,9.5,14.0,-0.39473684210526316,0.6000000000000001,"['strict_confluence', 'cluster_wddrb_model_bias', 'model_down_bias', 'cluster_near_darkpool']",2016-03-22,2h,timeout,2038.75,False
1458633600,2016-03-22 04:00:00,ES,OS,strict_confluence,short,2035.0,2044.5,2021.0,9.5,14.0,0.07894736842105263,0.6000000000000001,"['strict_confluence', 'cluster_wddrb_model_bias', 'model_down_bias', 'cluster_near_darkpool']",2016-03-22,4h,timeout,2034.25,False
1458633600,2016-03-22 04:00:00,ES,OS,strict_confluence,short,2035.0,2044.5,2021.0,9.5,14.0,0.05263157894736842,0.6000000000000001,"['strict_confluence', 'cluster_wddrb_model_bias', 'model_down_bias', 'cluster_near_darkpool']",2016-03-22,session,timeout,2034.5,False
1458744300,2016-03-23 10:45:00,ES,RS,strict_confluence,short,2036.5,2038.5,2024.5,2.0,12.0,3.25,0.7000000000000001,"['strict_confluence', 'cluster_wddrb_model_bias', 'model_down_bias', 'cluster_near_darkpool']",2016-03-23,1h,timeout,2030.0,False
1458744300,2016-03-23 10:45:00,ES,RS,strict_confluence,short,2036.5,2038.5,2024.5,2.0,12.0,1.0,0.7000000000000001,"['strict_confluence', 'cluster_wddrb_model_bias', 'model_down_bias', 'cluster_near_darkpool']",2016-03-23,2h,timeout,2034.5,False
1458744300,2016-03-23 10:45:00,ES,RS,strict_confluence,short,2036.5,2038.5,2024.5,2.0,12.0,4.25,0.7000000000000001,"['strict_confluence', 'cluster_wddrb_model_bias', 'model_down_bias', 'cluster_near_darkpool']",2016-03-23,4h,timeout,2028.0,False
1458744300,2016-03-23 10:45:00,ES,RS,strict_confluence,short,2036.5,2038.5,2024.5,2.0,12.0,4.375,0.7000000000000001,"['strict_confluence', 'cluster_wddrb_model_bias', 'model_down_bias', 'cluster_near_darkpool']",2016-03-23,session,timeout,2027.75,False
1459183500,2016-03-28 12:45:00,ES,RS,strict_confluence,short,2031.5,2032.5,2011.5,1.0,20.0,0.75,0.7000000000000001,"['strict_confluence', 'cluster_wddrb_model_bias', 'model_down_bias', 'cluster_near_darkpool']",2016-03-28,1h,timeout,2030.75,False
1459183500,2016-03-28 12:45:00,ES,RS,strict_confluence,short,2031.5,2032.5,2011.5,1.0,20.0,-1.0,0.7000000000000001,"['strict_confluence', 'cluster_wddrb_model_bias', 'model_down_bias', 'cluster_near_darkpool']",2016-03-28,2h,stop,2032.5,False
1459183500,2016-03-28 12:45:00,ES,RS,strict_confluence,short,2031.5,2032.5,2011.5,1.0,20.0,-1.0,0.7000000000000001,"['strict_confluence', 'cluster_wddrb_model_bias', 'model_down_bias', 'cluster_near_darkpool']",2016-03-28,4h,stop,2032.5,False
1459183500,2016-03-28 12:45:00,ES,RS,strict_confluence,short,2031.5,2032.5,2011.5,1.0,20.0,-1.0,0.7000000000000001,"['strict_confluence', 'cluster_wddrb_model_bias', 'model_down_bias', 'cluster_near_darkpool']",2016-03-28,session,stop,2032.5,False
1459185000,2016-03-28 13:10:00,ES,RS,strict_confluence,short,2030.5,2032.5,2011.5,2.0,19.0,-1.0,0.6000000000000001,"['strict_confluence', 'cluster_wddrb_model_bias', 'model_down_bias', 'cluster_near_weekly']",2016-03-28,1h,stop,2032.5,False
1459185000,2016-03-28 13:10:00,ES,RS,strict_confluence,short,2030.5,2032.5,2011.5,2.0,19.0,-1.0,0.6000000000000001,"['strict_confluence', 'cluster_wddrb_model_bias', 'model_down_bias', 'cluster_near_weekly']",2016-03-28,2h,stop,2032.5,False
1459185000,2016-03-28 13:10:00,ES,RS,strict_confluence,short,2030.5,2032.5,2011.5,2.0,19.0,-1.0,0.6000000000000001,"['strict_confluence', 'cluster_wddrb_model_bias', 'model_down_bias', 'cluster_near_weekly']",2016-03-28,4h,stop,2032.5,False
1459185000,2016-03-28 13:10:00,ES,RS,strict_confluence,short,2030.5,2032.5,2011.5,2.0,19.0,-1.0,0.6000000000000001,"['strict_confluence', 'cluster_wddrb_model_bias', 'model_down_bias', 'cluster_near_weekly']",2016-03-28,session,stop,2032.5,False
1462296900,2016-05-03 13:35:00,ES,RS,strict_confluence,short,2061.75,2062.25,2033.75,0.5,28.0,-1.0,0.7000000000000001,"['strict_confluence', 'cluster_wddrb_model_bias', 'model_down_bias', 'cluster_near_weekly']",2016-05-03,1h,stop,2062.25,False
1462296900,2016-05-03 13:35:00,ES,RS,strict_confluence,short,2061.75,2062.25,2033.75,0.5,28.0,-1.0,0.7000000000000001,"['strict_confluence', 'cluster_wddrb_model_bias', 'model_down_bias', 'cluster_near_weekly']",2016-05-03,2h,stop,2062.25,False
1462296900,2016-05-03 13:35:00,ES,RS,strict_confluence,short,2061.75,2062.25,2033.75,0.5,28.0,-1.0,0.7000000000000001,"['strict_confluence', 'cluster_wddrb_model_bias', 'model_down_bias', 'cluster_near_weekly']",2016-05-03,4h,stop,2062.25,False
1462296900,2016-05-03 13:35:00,ES,RS,strict_confluence,short,2061.75,2062.25,2033.75,0.5,28.0,-1.0,0.7000000000000001,"['strict_confluence', 'cluster_wddrb_model_bias', 'model_down_bias', 'cluster_near_weekly']",2016-05-03,session,stop,2062.25,False
1462295100,2016-05-03 13:05:00,ES,RS,strict_confluence,short,2058.75,2061.75,2034.25,3.0,24.5,-1.0,0.6000000000000001,"['strict_confluence', 'cluster_wddrb_model_bias', 'model_down_bias', 'cluster_near_darkpool']",2016-05-03,1h,stop,2061.75,False
1462295100,2016-05-03 13:05:00,ES,RS,strict_confluence,short,2058.75,2061.75,2034.25,3.0,24.5,-1.0,0.6000000000000001,"['strict_confluence', 'cluster_wddrb_model_bias', 'model_down_bias', 'cluster_near_darkpool']",2016-05-03,2h,stop,2061.75,False
1462295100,2016-05-03 13:05:00,ES,RS,strict_confluence,short,2058.75,2061.75,2034.25,3.0,24.5,-1.0,0.6000000000000001,"['strict_confluence', 'cluster_wddrb_model_bias', 'model_down_bias', 'cluster_near_darkpool']",2016-05-03,4h,stop,2061.75,False
1462295100,2016-05-03 13:05:00,ES,RS,strict_confluence,short,2058.75,2061.75,2034.25,3.0,24.5,-1.0,0.6000000000000001,"['strict_confluence', 'cluster_wddrb_model_bias', 'model_down_bias', 'cluster_near_darkpool']",2016-05-03,session,stop,2061.75,False
1462780800,2016-05-09 04:00:00,ES,OS,strict_confluence,short,2051.0,2052.75,2014.75,1.75,36.25,-1.0,0.6000000000000001,"['strict_confluence', 'cluster_wddrb_model_bias', 'model_down_bias', 'cluster_near_weekly']",2016-05-09,1h,stop,2052.75,False
1462780800,2016-05-09 04:00:00,ES,OS,strict_confluence,short,2051.0,2052.75,2014.75,1.75,36.25,-1.0,0.6000000000000001,"['strict_confluence', 'cluster_wddrb_model_bias', 'model_down_bias', 'cluster_near_weekly']",2016-05-09,2h,stop,2052.75,False
1462780800,2016-05-09 04:00:00,ES,OS,strict_confluence,short,2051.0,2052.75,2014.75,1.75,36.25,-1.0,0.6000000000000001,"['strict_confluence', 'cluster_wddrb_model_bias', 'model_down_bias', 'cluster_near_weekly']",2016-05-09,4h,stop,2052.75,False
1462780800,2016-05-09 04:00:00,ES,OS,strict_confluence,short,2051.0,2052.75,2014.75,1.75,36.25,-1.0,0.6000000000000001,"['strict_confluence', 'cluster_wddrb_model_bias', 'model_down_bias', 'cluster_near_weekly']",2016-05-09,session,stop,2052.75,False
1463495400,2016-05-17 10:30:00,ES,RS,strict_confluence,short,2054.0,2062.75,2041.75,8.75,12.25,-0.37142857142857144,0.6000000000000001,"['strict_confluence', 'cluster_wddrb_model_bias', 'model_down_bias', 'cluster_near_weekly']",2016-05-17,1h,timeout,2057.25,False
1463495400,2016-05-17 10:30:00,ES,RS,strict_confluence,short,2054.0,2062.75,2041.75,8.75,12.25,-0.02857142857142857,0.6000000000000001,"['strict_confluence', 'cluster_wddrb_model_bias', 'model_down_bias', 'cluster_near_weekly']",2016-05-17,2h,timeout,2054.25,False
1463495400,2016-05-17 10:30:00,ES,RS,strict_confluence,short,2054.0,2062.75,2041.75,8.75,12.25,1.4,0.6000000000000001,"['strict_confluence', 'cluster_wddrb_model_bias', 'model_down_bias', 'cluster_near_weekly']",2016-05-17,4h,target,2041.75,False
1463495400,2016-05-17 10:30:00,ES,RS,strict_confluence,short,2054.0,2062.75,2041.75,8.75,12.25,1.4,0.6000000000000001,"['strict_confluence', 'cluster_wddrb_model_bias', 'model_down_bias', 'cluster_near_weekly']",2016-05-17,session,target,2041.75,False
1464100200,2016-05-24 10:30:00,ES,RS,strict_confluence,long,2069.25,2056.0,2083.0,13.25,13.75,0.07547169811320754,0.6000000000000001,"['strict_confluence', 'cluster_wddrb_model_bias', 'model_up_bias', 'cluster_near_weekly']",2016-05-24,1h,timeout,2070.25,False
1464100200,2016-05-24 10:30:00,ES,RS,strict_confluence,long,2069.25,2056.0,2083.0,13.25,13.75,0.1320754716981132,0.6000000000000001,"['strict_confluence', 'cluster_wddrb_model_bias', 'model_up_bias', 'cluster_near_weekly']",2016-05-24,2h,timeout,2071.0,False
1464100200,2016-05-24 10:30:00,ES,RS,strict_confluence,long,2069.25,2056.0,2083.0,13.25,13.75,0.18867924528301888,0.6000000000000001,"['strict_confluence', 'cluster_wddrb_model_bias', 'model_up_bias', 'cluster_near_weekly']",2016-05-24,4h,timeout,2071.75,False
1464100200,2016-05-24 10:30:00,ES,RS,strict_confluence,long,2069.25,2056.0,2083.0,13.25,13.75,0.2830188679245283,0.6000000000000001,"['strict_confluence', 'cluster_wddrb_model_bias', 'model_up_bias', 'cluster_near_weekly']",2016-05-24,session,timeout,2073.0,False
1464877800,2016-06-02 10:30:00,ES,RS,strict_confluence,short,2092.5,2093.5,2080.0,1.0,12.5,-1.0,0.7000000000000001,"['strict_confluence', 'cluster_wddrb_model_bias', 'model_down_bias', 'cluster_near_monthly']",2016-06-02,1h,stop,2093.5,False
1464877800,2016-06-02 10:30:00,ES,RS,strict_confluence,short,2092.5,2093.5,2080.0,1.0,12.5,-1.0,0.7000000000000001,"['strict_confluence', 'cluster_wddrb_model_bias', 'model_down_bias', 'cluster_near_monthly']",2016-06-02,2h,stop,2093.5,False
1464877800,2016-06-02 10:30:00,ES,RS,strict_confluence,short,2092.5,2093.5,2080.0,1.0,12.5,-1.0,0.7000000000000001,"['strict_confluence', 'cluster_wddrb_model_bias', 'model_down_bias', 'cluster_near_monthly']",2016-06-02,4h,stop,2093.5,False
1464877800,2016-06-02 10:30:00,ES,RS,strict_confluence,short,2092.5,2093.5,2080.0,1.0,12.5,-1.0,0.7000000000000001,"['strict_confluence', 'cluster_wddrb_model_bias', 'model_down_bias', 'cluster_near_monthly']",2016-06-02,session,stop,2093.5,False
1464978600,2016-06-03 14:30:00,ES,RS,strict_confluence,short,2097.75,2098.0,2067.5,0.25,30.25,-1.0,0.7000000000000001,"['strict_confluence', 'cluster_wddrb_model_bias', 'model_down_bias', 'cluster_near_weekly']",2016-06-03,1h,stop,2098.0,False
1464978600,2016-06-03 14:30:00,ES,RS,strict_confluence,short,2097.75,2098.0,2067.5,0.25,30.25,-1.0,0.7000000000000001,"['strict_confluence', 'cluster_wddrb_model_bias', 'model_down_bias', 'cluster_near_weekly']",2016-06-03,2h,stop,2098.0,False
1464978600,2016-06-03 14:30:00,ES,RS,strict_confluence,short,2097.75,2098.0,2067.5,0.25,30.25,-1.0,0.7000000000000001,"['strict_confluence', 'cluster_wddrb_model_bias', 'model_down_bias', 'cluster_near_weekly']",2016-06-03,4h,stop,2098.0,False
1464978600,2016-06-03 14:30:00,ES,RS,strict_confluence,short,2097.75,2098.0,2067.5,0.25,30.25,-1.0,0.7000000000000001,"['strict_confluence', 'cluster_wddrb_model_bias', 'model_down_bias', 'cluster_near_weekly']",2016-06-03,session,stop,2098.0,False
1464968400,2016-06-03 11:40:00,ES,RS,strict_confluence,short,2093.5,2098.0,2067.5,4.5,26.0,-0.05555555555555555,0.6000000000000001,"['strict_confluence', 'cluster_wddrb_model_bias', 'model_down_bias', 'cluster_near_monthly']",2016-06-03,1h,timeout,2093.75,False
1464968400,2016-06-03 11:40:00,ES,RS,strict_confluence,short,2093.5,2098.0,2067.5,4.5,26.0,-0.2777777777777778,0.6000000000000001,"['strict_confluence', 'cluster_wddrb_model_bias', 'model_down_bias', 'cluster_near_monthly']",2016-06-03,2h,timeout,2094.75,False
1464968400,2016-06-03 11:40:00,ES,RS,strict_confluence,short,2093.5,2098.0,2067.5,4.5,26.0,-1.0,0.6000000000000001,"['strict_confluence', 'cluster_wddrb_model_bias', 'model_down_bias', 'cluster_near_monthly']",2016-06-03,4h,stop,2098.0,False
1464968400,2016-06-03 11:40:00,ES,RS,strict_confluence,short,2093.5,2098.0,2067.5,4.5,26.0,-1.0,0.6000000000000001,"['strict_confluence', 'cluster_wddrb_model_bias', 'model_down_bias', 'cluster_near_monthly']",2016-06-03,session,stop,2098.0,False
1466433300,2016-06-20 10:35:00,ES,RS,strict_confluence,long,2087.25,2084.25,2100.75,3.0,13.5,0.3333333333333333,0.6000000000000001,"['strict_confluence', 'cluster_wddrb_model_bias', 'model_up_bias', 'cluster_near_monthly']",2016-06-20,1h,timeout,2088.25,False
1466433300,2016-06-20 10:35:00,ES,RS,strict_confluence,long,2087.25,2084.25,2100.75,3.0,13.5,-1.0,0.6000000000000001,"['strict_confluence', 'cluster_wddrb_model_bias', 'model_up_bias', 'cluster_near_monthly']",2016-06-20,2h,stop,2084.25,False
1466433300,2016-06-20 10:35:00,ES,RS,strict_confluence,long,2087.25,2084.25,2100.75,3.0,13.5,-1.0,0.6000000000000001,"['strict_confluence', 'cluster_wddrb_model_bias', 'model_up_bias', 'cluster_near_monthly']",2016-06-20,4h,stop,2084.25,False
1466433300,2016-06-20 10:35:00,ES,RS,strict_confluence,long,2087.25,2084.25,2100.75,3.0,13.5,-1.0,0.6000000000000001,"['strict_confluence', 'cluster_wddrb_model_bias', 'model_up_bias', 'cluster_near_monthly']",2016-06-20,session,stop,2084.25,False
1466521200,2016-06-21 11:00:00,ES,RS,strict_confluence,short,2080.75,2081.25,2066.75,0.5,14.0,-1.0,0.7000000000000001,"['strict_confluence', 'cluster_wddrb_model_bias', 'model_down_bias', 'cluster_near_weekly']",2016-06-21,1h,stop,2081.25,False
1466521200,2016-06-21 11:00:00,ES,RS,strict_confluence,short,2080.75,2081.25,2066.75,0.5,14.0,-1.0,0.7000000000000001,"['strict_confluence', 'cluster_wddrb_model_bias', 'model_down_bias', 'cluster_near_weekly']",2016-06-21,2h,stop,2081.25,False
1466521200,2016-06-21 11:00:00,ES,RS,strict_confluence,short,2080.75,2081.25,2066.75,0.5,14.0,-1.0,0.7000000000000001,"['strict_confluence', 'cluster_wddrb_model_bias', 'model_down_bias', 'cluster_near_weekly']",2016-06-21,4h,stop,2081.25,False
1466521200,2016-06-21 11:00:00,ES,RS,strict_confluence,short,2080.75,2081.25,2066.75,0.5,14.0,-1.0,0.7000000000000001,"['strict_confluence', 'cluster_wddrb_model_bias', 'model_down_bias', 'cluster_near_weekly']",2016-06-21,session,stop,2081.25,False
1466688600,2016-06-23 09:30:00,ES,RR,strict_confluence,long,2093.75,2093.0,2099.0,0.75,5.25,-1.0,0.7000000000000001,"['strict_confluence', 'cluster_wddrb_model_bias', 'model_up_bias', 'cluster_near_monthly']",2016-06-23,1h,stop,2093.0,False
1466688600,2016-06-23 09:30:00,ES,RR,strict_confluence,long,2093.75,2093.0,2099.0,0.75,5.25,-1.0,0.7000000000000001,"['strict_confluence', 'cluster_wddrb_model_bias', 'model_up_bias', 'cluster_near_monthly']",2016-06-23,2h,stop,2093.0,False
1466688600,2016-06-23 09:30:00,ES,RR,strict_confluence,long,2093.75,2093.0,2099.0,0.75,5.25,-1.0,0.7000000000000001,"['strict_confluence', 'cluster_wddrb_model_bias', 'model_up_bias', 'cluster_near_monthly']",2016-06-23,4h,stop,2093.0,False
1466688600,2016-06-23 09:30:00,ES,RR,strict_confluence,long,2093.75,2093.0,2099.0,0.75,5.25,-1.0,0.7000000000000001,"['strict_confluence', 'cluster_wddrb_model_bias', 'model_up_bias', 'cluster_near_monthly']",2016-06-23,session,stop,2093.0,False
1467124500,2016-06-28 10:35:00,ES,RS,strict_confluence,long,2011.0,2008.25,2028.25,2.75,17.25,-1.0,0.6000000000000001,"['strict_confluence', 'cluster_wddrb_model_bias', 'model_up_bias', 'cluster_near_darkpool']",2016-06-28,1h,stop,2008.25,False
1467124500,2016-06-28 10:35:00,ES,RS,strict_confluence,long,2011.0,2008.25,2028.25,2.75,17.25,-1.0,0.6000000000000001,"['strict_confluence', 'cluster_wddrb_model_bias', 'model_up_bias', 'cluster_near_darkpool']",2016-06-28,2h,stop,2008.25,False
1467124500,2016-06-28 10:35:00,ES,RS,strict_confluence,long,2011.0,2008.25,2028.25,2.75,17.25,-1.0,0.6000000000000001,"['strict_confluence', 'cluster_wddrb_model_bias', 'model_up_bias', 'cluster_near_darkpool']",2016-06-28,4h,stop,2008.25,False
1467124500,2016-06-28 10:35:00,ES,RS,strict_confluence,long,2011.0,2008.25,2028.25,2.75,17.25,-1.0,0.6000000000000001,"['strict_confluence', 'cluster_wddrb_model_bias', 'model_up_bias', 'cluster_near_darkpool']",2016-06-28,session,stop,2008.25,False
1467393900,2016-07-01 13:25:00,ES,RS,strict_confluence,long,2092.75,2089.0,2112.5,3.75,19.75,0.26666666666666666,0.7000000000000001,"['strict_confluence', 'cluster_wddrb_model_bias', 'model_up_bias', 'cluster_near_monthly']",2016-07-01,1h,timeout,2093.75,False
1467393900,2016-07-01 13:25:00,ES,RS,strict_confluence,long,2092.75,2089.0,2112.5,3.75,19.75,1.0,0.7000000000000001,"['strict_confluence', 'cluster_wddrb_model_bias', 'model_up_bias', 'cluster_near_monthly']",2016-07-01,2h,timeout,2096.5,False
1467393900,2016-07-01 13:25:00,ES,RS,strict_confluence,long,2092.75,2089.0,2112.5,3.75,19.75,0.9333333333333333,0.7000000000000001,"['strict_confluence', 'cluster_wddrb_model_bias', 'model_up_bias', 'cluster_near_monthly']",2016-07-01,4h,timeout,2096.25,False
1467393900,2016-07-01 13:25:00,ES,RS,strict_confluence,long,2092.75,2089.0,2112.5,3.75,19.75,0.3333333333333333,0.7000000000000001,"['strict_confluence', 'cluster_wddrb_model_bias', 'model_up_bias', 'cluster_near_monthly']",2016-07-01,session,timeout,2094.0,False
1467903000,2016-07-07 10:50:00,ES,RS,strict_confluence,long,2097.0,2094.0,2110.0,3.0,13.0,-1.0,0.7000000000000001,"['strict_confluence', 'cluster_wddrb_model_bias', 'model_up_bias', 'cluster_near_darkpool']",2016-07-07,1h,stop,2094.0,False
1467903000,2016-07-07 10:50:00,ES,RS,strict_confluence,long,2097.0,2094.0,2110.0,3.0,13.0,-1.0,0.7000000000000001,"['strict_confluence', 'cluster_wddrb_model_bias', 'model_up_bias', 'cluster_near_darkpool']",2016-07-07,2h,stop,2094.0,False
1467903000,2016-07-07 10:50:00,ES,RS,strict_confluence,long,2097.0,2094.0,2110.0,3.0,13.0,-1.0,0.7000000000000001,"['strict_confluence', 'cluster_wddrb_model_bias', 'model_up_bias', 'cluster_near_darkpool']",2016-07-07,4h,stop,2094.0,False
1467903000,2016-07-07 10:50:00,ES,RS,strict_confluence,long,2097.0,2094.0,2110.0,3.0,13.0,-1.0,0.7000000000000001,"['strict_confluence', 'cluster_wddrb_model_bias', 'model_up_bias', 'cluster_near_darkpool']",2016-07-07,session,stop,2094.0,False
1469433600,2016-07-25 04:00:00,ES,OS,strict_confluence,long,2167.5,2157.0,2181.5,10.5,14.0,0.14285714285714285,0.6000000000000001,"['strict_confluence', 'cluster_wddrb_model_bias', 'model_up_bias', 'cluster_near_darkpool']",2016-07-25,1h,timeout,2169.0,False
1469433600,2016-07-25 04:00:00,ES,OS,strict_confluence,long,2167.5,2157.0,2181.5,10.5,14.0,0.0,0.6000000000000001,"['strict_confluence', 'cluster_wddrb_model_bias', 'model_up_bias', 'cluster_near_darkpool']",2016-07-25,2h,timeout,2167.5,False
1469433600,2016-07-25 04:00:00,ES,OS,strict_confluence,long,2167.5,2157.0,2181.5,10.5,14.0,0.11904761904761904,0.6000000000000001,"['strict_confluence', 'cluster_wddrb_model_bias', 'model_up_bias', 'cluster_near_darkpool']",2016-07-25,4h,timeout,2168.75,False
1469433600,2016-07-25 04:00:00,ES,OS,strict_confluence,long,2167.5,2157.0,2181.5,10.5,14.0,0.07142857142857142,0.6000000000000001,"['strict_confluence', 'cluster_wddrb_model_bias', 'model_up_bias', 'cluster_near_darkpool']",2016-07-25,session,timeout,2168.25,False
1470317700,2016-08-04 09:35:00,ES,RR,strict_confluence,long,2161.5,2158.0,2165.5,3.5,4.0,-1.0,0.7000000000000001,"['strict_confluence', 'cluster_wddrb_model_bias', 'model_up_bias', 'cluster_near_monthly']",2016-08-04,1h,stop,2158.0,False
1470317700,2016-08-04 09:35:00,ES,RR,strict_confluence,long,2161.5,2158.0,2165.5,3.5,4.0,-1.0,0.7000000000000001,"['strict_confluence', 'cluster_wddrb_model_bias', 'model_up_bias', 'cluster_near_monthly']",2016-08-04,2h,stop,2158.0,False
1470317700,2016-08-04 09:35:00,ES,RR,strict_confluence,long,2161.5,2158.0,2165.5,3.5,4.0,-1.0,0.7000000000000001,"['strict_confluence', 'cluster_wddrb_model_bias', 'model_up_bias', 'cluster_near_monthly']",2016-08-04,4h,stop,2158.0,False
1470317700,2016-08-04 09:35:00,ES,RR,strict_confluence,long,2161.5,2158.0,2165.5,3.5,4.0,-1.0,0.7000000000000001,"['strict_confluence', 'cluster_wddrb_model_bias', 'model_up_bias', 'cluster_near_monthly']",2016-08-04,session,stop,2158.0,False
1470764400,2016-08-09 13:40:00,ES,RS,strict_confluence,long,2176.75,2176.0,2191.0,0.75,14.25,-1.0,0.7000000000000001,"['strict_confluence', 'cluster_wddrb_model_bias', 'model_up_bias', 'cluster_near_darkpool']",2016-08-09,1h,stop,2176.0,False
1470764400,2016-08-09 13:40:00,ES,RS,strict_confluence,long,2176.75,2176.0,2191.0,0.75,14.25,-1.0,0.7000000000000001,"['strict_confluence', 'cluster_wddrb_model_bias', 'model_up_bias', 'cluster_near_darkpool']",2016-08-09,2h,stop,2176.0,False
1470764400,2016-08-09 13:40:00,ES,RS,strict_confluence,long,2176.75,2176.0,2191.0,0.75,14.25,-1.0,0.7000000000000001,"['strict_confluence', 'cluster_wddrb_model_bias', 'model_up_bias', 'cluster_near_darkpool']",2016-08-09,4h,stop,2176.0,False
1470764400,2016-08-09 13:40:00,ES,RS,strict_confluence,long,2176.75,2176.0,2191.0,0.75,14.25,-1.0,0.7000000000000001,"['strict_confluence', 'cluster_wddrb_model_bias', 'model_up_bias', 'cluster_near_darkpool']",2016-08-09,session,stop,2176.0,False
1470753000,2016-08-09 10:30:00,ES,RS,strict_confluence,long,2181.25,2176.0,2189.0,5.25,7.75,0.14285714285714285,0.7000000000000001,"['strict_confluence', 'cluster_wddrb_model_bias', 'model_up_bias', 'cluster_near_weekly']",2016-08-09,1h,timeout,2182.0,False
1470753000,2016-08-09 10:30:00,ES,RS,strict_confluence,long,2181.25,2176.0,2189.0,5.25,7.75,-0.6190476190476191,0.7000000000000001,"['strict_confluence', 'cluster_wddrb_model_bias', 'model_up_bias', 'cluster_near_weekly']",2016-08-09,2h,timeout,2178.0,False
1470753000,2016-08-09 10:30:00,ES,RS,strict_confluence,long,2181.25,2176.0,2189.0,5.25,7.75,-1.0,0.7000000000000001,"['strict_confluence', 'cluster_wddrb_model_bias', 'model_up_bias', 'cluster_near_weekly']",2016-08-09,4h,stop,2176.0,False
1470753000,2016-08-09 10:30:00,ES,RS,strict_confluence,long,2181.25,2176.0,2189.0,5.25,7.75,-1.0,0.7000000000000001,"['strict_confluence', 'cluster_wddrb_model_bias', 'model_up_bias', 'cluster_near_weekly']",2016-08-09,session,stop,2176.0,False
1470923100,2016-08-11 09:45:00,ES,RR,strict_confluence,long,2179.0,2178.25,2183.25,0.75,4.25,-1.0,0.6000000000000001,"['strict_confluence', 'cluster_wddrb_model_bias', 'model_up_bias', 'cluster_near_weekly']",2016-08-11,1h,stop,2178.25,False
1470923100,2016-08-11 09:45:00,ES,RR,strict_confluence,long,2179.0,2178.25,2183.25,0.75,4.25,-1.0,0.6000000000000001,"['strict_confluence', 'cluster_wddrb_model_bias', 'model_up_bias', 'cluster_near_weekly']",2016-08-11,2h,stop,2178.25,False
1470923100,2016-08-11 09:45:00,ES,RR,strict_confluence,long,2179.0,2178.25,2183.25,0.75,4.25,-1.0,0.6000000000000001,"['strict_confluence', 'cluster_wddrb_model_bias', 'model_up_bias', 'cluster_near_weekly']",2016-08-11,4h,stop,2178.25,False
1470923100,2016-08-11 09:45:00,ES,RR,strict_confluence,long,2179.0,2178.25,2183.25,0.75,4.25,-1.0,0.6000000000000001,"['strict_confluence', 'cluster_wddrb_model_bias', 'model_up_bias', 'cluster_near_weekly']",2016-08-11,session,stop,2178.25,False
1471251000,2016-08-15 04:50:00,ES,OS,strict_confluence,long,2183.0,2175.5,2190.5,7.5,7.5,0.0,0.7000000000000001,"['strict_confluence', 'cluster_wddrb_model_bias', 'model_up_bias', 'cluster_near_weekly']",2016-08-15,1h,timeout,2183.0,False
1471251000,2016-08-15 04:50:00,ES,OS,strict_confluence,long,2183.0,2175.5,2190.5,7.5,7.5,0.06666666666666667,0.7000000000000001,"['strict_confluence', 'cluster_wddrb_model_bias', 'model_up_bias', 'cluster_near_weekly']",2016-08-15,2h,timeout,2183.5,False
1471251000,2016-08-15 04:50:00,ES,OS,strict_confluence,long,2183.0,2175.5,2190.5,7.5,7.5,0.3333333333333333,0.7000000000000001,"['strict_confluence', 'cluster_wddrb_model_bias', 'model_up_bias', 'cluster_near_weekly']",2016-08-15,4h,timeout,2185.5,False
1471251000,2016-08-15 04:50:00,ES,OS,strict_confluence,long,2183.0,2175.5,2190.5,7.5,7.5,0.26666666666666666,0.7000000000000001,"['strict_confluence', 'cluster_wddrb_model_bias', 'model_up_bias', 'cluster_near_weekly']",2016-08-15,session,timeout,2185.0,False
1471527000,2016-08-18 09:30:00,ES,RR,strict_confluence,long,2180.75,2178.5,2185.0,2.25,4.25,-1.0,0.6000000000000001,"['strict_confluence', 'cluster_wddrb_model_bias', 'model_up_bias', 'cluster_near_darkpool']",2016-08-18,1h,stop,2178.5,False
1471527000,2016-08-18 09:30:00,ES,RR,strict_confluence,long,2180.75,2178.5,2185.0,2.25,4.25,-1.0,0.6000000000000001,"['strict_confluence', 'cluster_wddrb_model_bias', 'model_up_bias', 'cluster_near_darkpool']",2016-08-18,2h,stop,2178.5,False
1471527000,2016-08-18 09:30:00,ES,RR,strict_confluence,long,2180.75,2178.5,2185.0,2.25,4.25,-1.0,0.6000000000000001,"['strict_confluence', 'cluster_wddrb_model_bias', 'model_up_bias', 'cluster_near_darkpool']",2016-08-18,4h,stop,2178.5,False
1471527000,2016-08-18 09:30:00,ES,RR,strict_confluence,long,2180.75,2178.5,2185.0,2.25,4.25,-1.0,0.6000000000000001,"['strict_confluence', 'cluster_wddrb_model_bias', 'model_up_bias', 'cluster_near_darkpool']",2016-08-18,session,stop,2178.5,False
1471593900,2016-08-19 04:05:00,ES,OS,strict_confluence,short,2177.75,2184.5,2171.0,6.75,6.75,0.0,0.6000000000000001,"['strict_confluence', 'cluster_wddrb_model_bias', 'model_down_bias', 'cluster_near_weekly']",2016-08-19,1h,timeout,2177.75,False
1471593900,2016-08-19 04:05:00,ES,OS,strict_confluence,short,2177.75,2184.5,2171.0,6.75,6.75,-0.2222222222222222,0.6000000000000001,"['strict_confluence', 'cluster_wddrb_model_bias', 'model_down_bias', 'cluster_near_weekly']",2016-08-19,2h,timeout,2179.25,False
1471593900,2016-08-19 04:05:00,ES,OS,strict_confluence,short,2177.75,2184.5,2171.0,6.75,6.75,0.18518518518518517,0.6000000000000001,"['strict_confluence', 'cluster_wddrb_model_bias', 'model_down_bias', 'cluster_near_weekly']",2016-08-19,4h,timeout,2176.5,False
1471593900,2016-08-19 04:05:00,ES,OS,strict_confluence,short,2177.75,2184.5,2171.0,6.75,6.75,0.0,0.6000000000000001,"['strict_confluence', 'cluster_wddrb_model_bias', 'model_down_bias', 'cluster_near_weekly']",2016-08-19,session,timeout,2177.75,False
1471964400,2016-08-23 11:00:00,ES,RS,strict_confluence,long,2188.75,2187.75,2195.25,1.0,6.5,-1.0,0.6000000000000001,"['strict_confluence', 'cluster_wddrb_model_bias', 'model_up_bias', 'cluster_near_weekly']",2016-08-23,1h,stop,2187.75,False
1471964400,2016-08-23 11:00:00,ES,RS,strict_confluence,long,2188.75,2187.75,2195.25,1.0,6.5,-1.0,0.6000000000000001,"['strict_confluence', 'cluster_wddrb_model_bias', 'model_up_bias', 'cluster_near_weekly']",2016-08-23,2h,stop,2187.75,False
1471964400,2016-08-23 11:00:00,ES,RS,strict_confluence,long,2188.75,2187.75,2195.25,1.0,6.5,-1.0,0.6000000000000001,"['strict_confluence', 'cluster_wddrb_model_bias', 'model_up_bias', 'cluster_near_weekly']",2016-08-23,4h,stop,2187.75,False
1471964400,2016-08-23 11:00:00,ES,RS,strict_confluence,long,2188.75,2187.75,2195.25,1.0,6.5,-1.0,0.6000000000000001,"['strict_confluence', 'cluster_wddrb_model_bias', 'model_up_bias', 'cluster_near_weekly']",2016-08-23,session,stop,2187.75,False
1471962600,2016-08-23 10:30:00,ES,RS,strict_confluence,long,2189.5,2187.75,2195.25,1.75,5.75,-1.0,0.6000000000000001,"['strict_confluence', 'cluster_wddrb_model_bias', 'model_up_bias', 'cluster_near_weekly']",2016-08-23,1h,stop,2187.75,False
1471962600,2016-08-23 10:30:00,ES,RS,strict_confluence,long,2189.5,2187.75,2195.25,1.75,5.75,-1.0,0.6000000000000001,"['strict_confluence', 'cluster_wddrb_model_bias', 'model_up_bias', 'cluster_near_weekly']",2016-08-23,2h,stop,2187.75,False
1471962600,2016-08-23 10:30:00,ES,RS,strict_confluence,long,2189.5,2187.75,2195.25,1.75,5.75,-1.0,0.6000000000000001,"['strict_confluence', 'cluster_wddrb_model_bias', 'model_up_bias', 'cluster_near_weekly']",2016-08-23,4h,stop,2187.75,False
1471962600,2016-08-23 10:30:00,ES,RS,strict_confluence,long,2189.5,2187.75,2195.25,1.75,5.75,-1.0,0.6000000000000001,"['strict_confluence', 'cluster_wddrb_model_bias', 'model_up_bias', 'cluster_near_weekly']",2016-08-23,session,stop,2187.75,False
1472671500,2016-08-31 15:25:00,ES,RS,strict_confluence,short,2169.0,2172.75,2146.25,3.75,22.75,-0.3333333333333333,0.6000000000000001,"['strict_confluence', 'cluster_wddrb_model_bias', 'model_down_bias', 'cluster_near_darkpool']",2016-08-31,1h,timeout,2170.25,False
1472671500,2016-08-31 15:25:00,ES,RS,strict_confluence,short,2169.0,2172.75,2146.25,3.75,22.75,0.13333333333333333,0.6000000000000001,"['strict_confluence', 'cluster_wddrb_model_bias', 'model_down_bias', 'cluster_near_darkpool']",2016-08-31,2h,timeout,2168.5,False
1472671500,2016-08-31 15:25:00,ES,RS,strict_confluence,short,2169.0,2172.75,2146.25,3.75,22.75,0.0,0.6000000000000001,"['strict_confluence', 'cluster_wddrb_model_bias', 'model_down_bias', 'cluster_near_darkpool']",2016-08-31,4h,timeout,2169.0,False
1472671500,2016-08-31 15:25:00,ES,RS,strict_confluence,short,2169.0,2172.75,2146.25,3.75,22.75,0.06666666666666667,0.6000000000000001,"['strict_confluence', 'cluster_wddrb_model_bias', 'model_down_bias', 'cluster_near_darkpool']",2016-08-31,session,timeout,2168.75,False
1472747400,2016-09-01 12:30:00,ES,RS,strict_confluence,short,2168.0,2172.25,2137.25,4.25,30.75,0.23529411764705882,0.7000000000000001,"['strict_confluence', 'cluster_wddrb_model_bias', 'model_down_bias', 'cluster_near_darkpool']",2016-09-01,1h,timeout,2167.0,False
1472747400,2016-09-01 12:30:00,ES,RS,strict_confluence,short,2168.0,2172.25,2137.25,4.25,30.75,0.6470588235294118,0.7000000000000001,"['strict_confluence', 'cluster_wddrb_model_bias', 'model_down_bias', 'cluster_near_darkpool']",2016-09-01,2h,timeout,2165.25,False
1472747400,2016-09-01 12:30:00,ES,RS,strict_confluence,short,2168.0,2172.25,2137.25,4.25,30.75,0.11764705882352941,0.7000000000000001,"['strict_confluence', 'cluster_wddrb_model_bias', 'model_down_bias', 'cluster_near_darkpool']",2016-09-01,4h,timeout,2167.5,False
1472747400,2016-09-01 12:30:00,ES,RS,strict_confluence,short,2168.0,2172.25,2137.25,4.25,30.75,-0.17647058823529413,0.7000000000000001,"['strict_confluence', 'cluster_wddrb_model_bias', 'model_down_bias', 'cluster_near_darkpool']",2016-09-01,session,timeout,2168.75,False
1472827200,2016-09-02 10:40:00,ES,RS,strict_confluence,long,2179.5,2177.5,2190.0,2.0,10.5,-1.0,0.6000000000000001,"['strict_confluence', 'cluster_wddrb_model_bias', 'model_up_bias', 'cluster_near_darkpool']",2016-09-02,1h,stop,2177.5,False
1472827200,2016-09-02 10:40:00,ES,RS,strict_confluence,long,2179.5,2177.5,2190.0,2.0,10.5,-1.0,0.6000000000000001,"['strict_confluence', 'cluster_wddrb_model_bias', 'model_up_bias', 'cluster_near_darkpool']",2016-09-02,2h,stop,2177.5,False
1472827200,2016-09-02 10:40:00,ES,RS,strict_confluence,long,2179.5,2177.5,2190.0,2.0,10.5,-1.0,0.6000000000000001,"['strict_confluence', 'cluster_wddrb_model_bias', 'model_up_bias', 'cluster_near_darkpool']",2016-09-02,4h,stop,2177.5,False
1472827200,2016-09-02 10:40:00,ES,RS,strict_confluence,long,2179.5,2177.5,2190.0,2.0,10.5,-1.0,0.6000000000000001,"['strict_confluence', 'cluster_wddrb_model_bias', 'model_up_bias', 'cluster_near_darkpool']",2016-09-02,session,stop,2177.5,False
1472826600,2016-09-02 10:30:00,ES,RS,strict_confluence,long,2179.75,2177.5,2190.0,2.25,10.25,-1.0,0.6000000000000001,"['strict_confluence', 'cluster_wddrb_model_bias', 'model_up_bias', 'cluster_near_darkpool']",2016-09-02,1h,stop,2177.5,False
1472826600,2016-09-02 10:30:00,ES,RS,strict_confluence,long,2179.75,2177.5,2190.0,2.25,10.25,-1.0,0.6000000000000001,"['strict_confluence', 'cluster_wddrb_model_bias', 'model_up_bias', 'cluster_near_darkpool']",2016-09-02,2h,stop,2177.5,False
1472826600,2016-09-02 10:30:00,ES,RS,strict_confluence,long,2179.75,2177.5,2190.0,2.25,10.25,-1.0,0.6000000000000001,"['strict_confluence', 'cluster_wddrb_model_bias', 'model_up_bias', 'cluster_near_darkpool']",2016-09-02,4h,stop,2177.5,False
1472826600,2016-09-02 10:30:00,ES,RS,strict_confluence,long,2179.75,2177.5,2190.0,2.25,10.25,-1.0,0.6000000000000001,"['strict_confluence', 'cluster_wddrb_model_bias', 'model_up_bias', 'cluster_near_darkpool']",2016-09-02,session,stop,2177.5,False
1473345000,2016-09-08 10:30:00,ES,RS,strict_confluence,short,2180.0,2181.25,2170.25,1.25,9.75,-1.0,0.7000000000000001,"['strict_confluence', 'cluster_wddrb_model_bias', 'model_down_bias', 'cluster_near_darkpool']",2016-09-08,1h,stop,2181.25,False
1473345000,2016-09-08 10:30:00,ES,RS,strict_confluence,short,2180.0,2181.25,2170.25,1.25,9.75,-1.0,0.7000000000000001,"['strict_confluence', 'cluster_wddrb_model_bias', 'model_down_bias', 'cluster_near_darkpool']",2016-09-08,2h,stop,2181.25,False
1473345000,2016-09-08 10:30:00,ES,RS,strict_confluence,short,2180.0,2181.25,2170.25,1.25,9.75,-1.0,0.7000000000000001,"['strict_confluence', 'cluster_wddrb_model_bias', 'model_down_bias', 'cluster_near_darkpool']",2016-09-08,4h,stop,2181.25,False
1473345000,2016-09-08 10:30:00,ES,RS,strict_confluence,short,2180.0,2181.25,2170.25,1.25,9.75,-1.0,0.7000000000000001,"['strict_confluence', 'cluster_wddrb_model_bias', 'model_down_bias', 'cluster_near_darkpool']",2016-09-08,session,stop,2181.25,False
1473341400,2016-09-08 09:30:00,ES,RR,strict_confluence,long,2180.75,2179.0,2183.5,1.75,2.75,-1.0,0.6000000000000001,"['strict_confluence', 'cluster_wddrb_model_bias', 'model_up_bias', 'cluster_near_darkpool']",2016-09-08,1h,stop,2179.0,False
1473341400,2016-09-08 09:30:00,ES,RR,strict_confluence,long,2180.75,2179.0,2183.5,1.75,2.75,-1.0,0.6000000000000001,"['strict_confluence', 'cluster_wddrb_model_bias', 'model_up_bias', 'cluster_near_darkpool']",2016-09-08,2h,stop,2179.0,False
1473341400,2016-09-08 09:30:00,ES,RR,strict_confluence,long,2180.75,2179.0,2183.5,1.75,2.75,-1.0,0.6000000000000001,"['strict_confluence', 'cluster_wddrb_model_bias', 'model_up_bias', 'cluster_near_darkpool']",2016-09-08,4h,stop,2179.0,False
1473341400,2016-09-08 09:30:00,ES,RR,strict_confluence,long,2180.75,2179.0,2183.5,1.75,2.75,-1.0,0.6000000000000001,"['strict_confluence', 'cluster_wddrb_model_bias', 'model_up_bias', 'cluster_near_darkpool']",2016-09-08,session,stop,2179.0,False
1474037100,2016-09-16 10:45:00,ES,RS,strict_confluence,short,2131.0,2132.5,2114.0,1.5,17.0,0.8333333333333334,0.6000000000000001,"['strict_confluence', 'cluster_wddrb_model_bias', 'model_down_bias', 'cluster_near_weekly']",2016-09-16,1h,timeout,2129.75,False
1474037100,2016-09-16 10:45:00,ES,RS,strict_confluence,short,2131.0,2132.5,2114.0,1.5,17.0,1.0,0.6000000000000001,"['strict_confluence', 'cluster_wddrb_model_bias', 'model_down_bias', 'cluster_near_weekly']",2016-09-16,2h,timeout,2129.5,False
1474037100,2016-09-16 10:45:00,ES,RS,strict_confluence,short,2131.0,2132.5,2114.0,1.5,17.0,0.6666666666666666,0.6000000000000001,"['strict_confluence', 'cluster_wddrb_model_bias', 'model_down_bias', 'cluster_near_weekly']",2016-09-16,4h,timeout,2130.0,False
1474037100,2016-09-16 10:45:00,ES,RS,strict_confluence,short,2131.0,2132.5,2114.0,1.5,17.0,-1.0,0.6000000000000001,"['strict_confluence', 'cluster_wddrb_model_bias', 'model_down_bias', 'cluster_near_weekly']",2016-09-16,session,stop,2132.5,False
1474358400,2016-09-20 04:00:00,ES,OS,strict_confluence,long,2139.0,2127.75,2165.75,11.25,26.75,-0.1111111111111111,0.6000000000000001,"['strict_confluence', 'cluster_wddrb_model_bias', 'model_up_bias', 'cluster_near_weekly']",2016-09-20,1h,timeout,2137.75,False
1474358400,2016-09-20 04:00:00,ES,OS,strict_confluence,long,2139.0,2127.75,2165.75,11.25,26.75,0.06666666666666667,0.6000000000000001,"['strict_confluence', 'cluster_wddrb_model_bias', 'model_up_bias', 'cluster_near_weekly']",2016-09-20,2h,timeout,2139.75,False
1474358400,2016-09-20 04:00:00,ES,OS,strict_confluence,long,2139.0,2127.75,2165.75,11.25,26.75,0.044444444444444446,0.6000000000000001,"['strict_confluence', 'cluster_wddrb_model_bias', 'model_up_bias', 'cluster_near_weekly']",2016-09-20,4h,timeout,2139.5,False
1474358400,2016-09-20 04:00:00,ES,OS,strict_confluence,long,2139.0,2127.75,2165.75,11.25,26.75,0.17777777777777778,0.6000000000000001,"['strict_confluence', 'cluster_wddrb_model_bias', 'model_up_bias', 'cluster_near_weekly']",2016-09-20,session,timeout,2141.0,False
1474365300,2016-09-20 05:55:00,ES,OS,strict_confluence,long,2140.5,2127.75,2165.75,12.75,25.25,0.0,0.6000000000000001,"['strict_confluence', 'cluster_wddrb_model_bias', 'model_up_bias', 'cluster_near_darkpool']",2016-09-20,1h,timeout,2140.5,False
1474365300,2016-09-20 05:55:00,ES,OS,strict_confluence,long,2140.5,2127.75,2165.75,12.75,25.25,-0.0784313725490196,0.6000000000000001,"['strict_confluence', 'cluster_wddrb_model_bias', 'model_up_bias', 'cluster_near_darkpool']",2016-09-20,2h,timeout,2139.5,False
1474365300,2016-09-20 05:55:00,ES,OS,strict_confluence,long,2140.5,2127.75,2165.75,12.75,25.25,0.0392156862745098,0.6000000000000001,"['strict_confluence', 'cluster_wddrb_model_bias', 'model_up_bias', 'cluster_near_darkpool']",2016-09-20,4h,timeout,2141.0,False
1474365300,2016-09-20 05:55:00,ES,OS,strict_confluence,long,2140.5,2127.75,2165.75,12.75,25.25,0.0392156862745098,0.6000000000000001,"['strict_confluence', 'cluster_wddrb_model_bias', 'model_up_bias', 'cluster_near_darkpool']",2016-09-20,session,timeout,2141.0,False
1474554900,2016-09-22 10:35:00,ES,RS,strict_confluence,long,2171.0,2166.5,2179.0,4.5,8.0,-1.0,0.6000000000000001,"['strict_confluence', 'cluster_wddrb_model_bias', 'model_up_bias', 'cluster_near_monthly']",2016-09-22,1h,stop,2166.5,False
1474554900,2016-09-22 10:35:00,ES,RS,strict_confluence,long,2171.0,2166.5,2179.0,4.5,8.0,-1.0,0.6000000000000001,"['strict_confluence', 'cluster_wddrb_model_bias', 'model_up_bias', 'cluster_near_monthly']",2016-09-22,2h,stop,2166.5,False
1474554900,2016-09-22 10:35:00,ES,RS,strict_confluence,long,2171.0,2166.5,2179.0,4.5,8.0,-1.0,0.6000000000000001,"['strict_confluence', 'cluster_wddrb_model_bias', 'model_up_bias', 'cluster_near_monthly']",2016-09-22,4h,stop,2166.5,False
1474554900,2016-09-22 10:35:00,ES,RS,strict_confluence,long,2171.0,2166.5,2179.0,4.5,8.0,-1.0,0.6000000000000001,"['strict_confluence', 'cluster_wddrb_model_bias', 'model_up_bias', 'cluster_near_monthly']",2016-09-22,session,stop,2166.5,False
1475155800,2016-09-29 09:30:00,ES,RR,strict_confluence,long,2160.0,2159.5,2165.0,0.5,5.0,-1.0,0.6000000000000001,"['strict_confluence', 'cluster_wddrb_model_bias', 'model_up_bias', 'cluster_near_monthly']",2016-09-29,1h,stop,2159.5,False
1475155800,2016-09-29 09:30:00,ES,RR,strict_confluence,long,2160.0,2159.5,2165.0,0.5,5.0,-1.0,0.6000000000000001,"['strict_confluence', 'cluster_wddrb_model_bias', 'model_up_bias', 'cluster_near_monthly']",2016-09-29,2h,stop,2159.5,False
1475155800,2016-09-29 09:30:00,ES,RR,strict_confluence,long,2160.0,2159.5,2165.0,0.5,5.0,-1.0,0.6000000000000001,"['strict_confluence', 'cluster_wddrb_model_bias', 'model_up_bias', 'cluster_near_monthly']",2016-09-29,4h,stop,2159.5,False
1475155800,2016-09-29 09:30:00,ES,RR,strict_confluence,long,2160.0,2159.5,2165.0,0.5,5.0,-1.0,0.6000000000000001,"['strict_confluence', 'cluster_wddrb_model_bias', 'model_up_bias', 'cluster_near_monthly']",2016-09-29,session,stop,2159.5,False
1475760600,2016-10-06 09:30:00,ES,RR,strict_confluence,long,2147.75,2147.5,2156.0,0.25,8.25,-1.0,0.7000000000000001,"['strict_confluence', 'cluster_wddrb_model_bias', 'model_up_bias', 'cluster_near_weekly']",2016-10-06,1h,stop,2147.5,False
1475760600,2016-10-06 09:30:00,ES,RR,strict_confluence,long,2147.75,2147.5,2156.0,0.25,8.25,-1.0,0.7000000000000001,"['strict_confluence', 'cluster_wddrb_model_bias', 'model_up_bias', 'cluster_near_weekly']",2016-10-06,2h,stop,2147.5,False
1475760600,2016-10-06 09:30:00,ES,RR,strict_confluence,long,2147.75,2147.5,2156.0,0.25,8.25,-1.0,0.7000000000000001,"['strict_confluence', 'cluster_wddrb_model_bias', 'model_up_bias', 'cluster_near_weekly']",2016-10-06,4h,stop,2147.5,False
1475760600,2016-10-06 09:30:00,ES,RR,strict_confluence,long,2147.75,2147.5,2156.0,0.25,8.25,-1.0,0.7000000000000001,"['strict_confluence', 'cluster_wddrb_model_bias', 'model_up_bias', 'cluster_near_weekly']",2016-10-06,session,stop,2147.5,False
1475768700,2016-10-06 11:45:00,ES,RS,strict_confluence,short,2152.0,2153.5,2133.0,1.5,19.0,-1.0,0.7000000000000001,"['strict_confluence', 'cluster_wddrb_model_bias', 'model_down_bias', 'cluster_near_monthly']",2016-10-06,1h,stop,2153.5,False
1475768700,2016-10-06 11:45:00,ES,RS,strict_confluence,short,2152.0,2153.5,2133.0,1.5,19.0,-1.0,0.7000000000000001,"['strict_confluence', 'cluster_wddrb_model_bias', 'model_down_bias', 'cluster_near_monthly']",2016-10-06,2h,stop,2153.5,False
1475768700,2016-10-06 11:45:00,ES,RS,strict_confluence,short,2152.0,2153.5,2133.0,1.5,19.0,-1.0,0.7000000000000001,"['strict_confluence', 'cluster_wddrb_model_bias', 'model_down_bias', 'cluster_near_monthly']",2016-10-06,4h,stop,2153.5,False
1475768700,2016-10-06 11:45:00,ES,RS,strict_confluence,short,2152.0,2153.5,2133.0,1.5,19.0,-1.0,0.7000000000000001,"['strict_confluence', 'cluster_wddrb_model_bias', 'model_down_bias', 'cluster_near_monthly']",2016-10-06,session,stop,2153.5,False
1475827200,2016-10-07 04:00:00,ES,OS,strict_confluence,short,2151.25,2156.75,2129.75,5.5,21.5,-0.2727272727272727,0.6000000000000001,"['strict_confluence', 'cluster_wddrb_model_bias', 'model_down_bias', 'cluster_near_darkpool']",2016-10-07,1h,timeout,2152.75,False
1475827200,2016-10-07 04:00:00,ES,OS,strict_confluence,short,2151.25,2156.75,2129.75,5.5,21.5,0.09090909090909091,0.6000000000000001,"['strict_confluence', 'cluster_wddrb_model_bias', 'model_down_bias', 'cluster_near_darkpool']",2016-10-07,2h,timeout,2150.75,False
1475827200,2016-10-07 04:00:00,ES,OS,strict_confluence,short,2151.25,2156.75,2129.75,5.5,21.5,0.0,0.6000000000000001,"['strict_confluence', 'cluster_wddrb_model_bias', 'model_down_bias', 'cluster_near_darkpool']",2016-10-07,4h,timeout,2151.25,False
1475827200,2016-10-07 04:00:00,ES,OS,strict_confluence,short,2151.25,2156.75,2129.75,5.5,21.5,-0.3181818181818182,0.6000000000000001,"['strict_confluence', 'cluster_wddrb_model_bias', 'model_down_bias', 'cluster_near_darkpool']",2016-10-07,session,timeout,2153.0,False
1476116100,2016-10-10 12:15:00,ES,RS,strict_confluence,long,2158.75,2157.75,2169.25,1.0,10.5,-1.0,0.6000000000000001,"['strict_confluence', 'cluster_wddrb_model_bias', 'model_up_bias', 'cluster_near_weekly']",2016-10-10,1h,stop,2157.75,False
1476116100,2016-10-10 12:15:00,ES,RS,strict_confluence,long,2158.75,2157.75,2169.25,1.0,10.5,-1.0,0.6000000000000001,"['strict_confluence', 'cluster_wddrb_model_bias', 'model_up_bias', 'cluster_near_weekly']",2016-10-10,2h,stop,2157.75,False
1476116100,2016-10-10 12:15:00,ES,RS,strict_confluence,long,2158.75,2157.75,2169.25,1.0,10.5,-1.0,0.6000000000000001,"['strict_confluence', 'cluster_wddrb_model_bias', 'model_up_bias', 'cluster_near_weekly']",2016-10-10,4h,stop,2157.75,False
1476116100,2016-10-10 12:15:00,ES,RS,strict_confluence,long,2158.75,2157.75,2169.25,1.0,10.5,-1.0,0.6000000000000001,"['strict_confluence', 'cluster_wddrb_model_bias', 'model_up_bias', 'cluster_near_weekly']",2016-10-10,session,stop,2157.75,False
1476455400,2016-10-14 10:30:00,ES,RS,strict_confluence,long,2140.25,2137.25,2149.25,3.0,9.0,-1.0,0.7000000000000001,"['strict_confluence', 'cluster_wddrb_model_bias', 'model_up_bias', 'cluster_near_weekly']",2016-10-14,1h,stop,2137.25,False
1476455400,2016-10-14 10:30:00,ES,RS,strict_confluence,long,2140.25,2137.25,2149.25,3.0,9.0,-1.0,0.7000000000000001,"['strict_confluence', 'cluster_wddrb_model_bias', 'model_up_bias', 'cluster_near_weekly']",2016-10-14,2h,stop,2137.25,False
1476455400,2016-10-14 10:30:00,ES,RS,strict_confluence,long,2140.25,2137.25,2149.25,3.0,9.0,-1.0,0.7000000000000001,"['strict_confluence', 'cluster_wddrb_model_bias', 'model_up_bias', 'cluster_near_weekly']",2016-10-14,4h,stop,2137.25,False
1476455400,2016-10-14 10:30:00,ES,RS,strict_confluence,long,2140.25,2137.25,2149.25,3.0,9.0,-1.0,0.7000000000000001,"['strict_confluence', 'cluster_wddrb_model_bias', 'model_up_bias', 'cluster_near_weekly']",2016-10-14,session,stop,2137.25,False
1476452400,2016-10-14 09:40:00,ES,RR,strict_confluence,long,2139.75,2137.25,2143.75,2.5,4.0,0.9,0.6000000000000001,"['strict_confluence', 'cluster_wddrb_model_bias', 'model_up_bias', 'cluster_near_weekly']",2016-10-14,1h,timeout,2142.0,False
1476452400,2016-10-14 09:40:00,ES,RR,strict_confluence,long,2139.75,2137.25,2143.75,2.5,4.0,-1.0,0.6000000000000001,"['strict_confluence', 'cluster_wddrb_model_bias', 'model_up_bias', 'cluster_near_weekly']",2016-10-14,2h,stop,2137.25,False
1476452400,2016-10-14 09:40:00,ES,RR,strict_confluence,long,2139.75,2137.25,2143.75,2.5,4.0,-1.0,0.6000000000000001,"['strict_confluence', 'cluster_wddrb_model_bias', 'model_up_bias', 'cluster_near_weekly']",2016-10-14,4h,stop,2137.25,False
1476452400,2016-10-14 09:40:00,ES,RR,strict_confluence,long,2139.75,2137.25,2143.75,2.5,4.0,0.1,0.6000000000000001,"['strict_confluence', 'cluster_wddrb_model_bias', 'model_up_bias', 'cluster_near_weekly']",2016-10-14,session,timeout,2140.0,False
1477060200,2016-10-21 10:30:00,ES,RS,strict_confluence,long,2130.0,2123.25,2138.75,6.75,8.75,0.037037037037037035,0.6000000000000001,"['strict_confluence', 'cluster_wddrb_model_bias', 'model_up_bias', 'cluster_near_weekly']",2016-10-21,1h,timeout,2130.25,False
1477060200,2016-10-21 10:30:00,ES,RS,strict_confluence,long,2130.0,2123.25,2138.75,6.75,8.75,0.14814814814814814,0.6000000000000001,"['strict_confluence', 'cluster_wddrb_model_bias', 'model_up_bias', 'cluster_near_weekly']",2016-10-21,2h,timeout,2131.0,False
1477060200,2016-10-21 10:30:00,ES,RS,strict_confluence,long,2130.0,2123.25,2138.75,6.75,8.75,0.6666666666666666,0.6000000000000001,"['strict_confluence', 'cluster_wddrb_model_bias', 'model_up_bias', 'cluster_near_weekly']",2016-10-21,4h,timeout,2134.5,False
1477060200,2016-10-21 10:30:00,ES,RS,strict_confluence,long,2130.0,2123.25,2138.75,6.75,8.75,0.8148148148148148,0.6000000000000001,"['strict_confluence', 'cluster_wddrb_model_bias', 'model_up_bias', 'cluster_near_weekly']",2016-10-21,session,timeout,2135.5,False
1477575000,2016-10-27 09:30:00,ES,RR,strict_confluence,long,2140.0,2139.75,2144.75,0.25,4.75,-1.0,0.6000000000000001,"['strict_confluence', 'cluster_wddrb_model_bias', 'model_up_bias', 'cluster_near_weekly']",2016-10-27,1h,stop,2139.75,False
1477575000,2016-10-27 09:30:00,ES,RR,strict_confluence,long,2140.0,2139.75,2144.75,0.25,4.75,-1.0,0.6000000000000001,"['strict_confluence', 'cluster_wddrb_model_bias', 'model_up_bias', 'cluster_near_weekly']",2016-10-27,2h,stop,2139.75,False
1477575000,2016-10-27 09:30:00,ES,RR,strict_confluence,long,2140.0,2139.75,2144.75,0.25,4.75,-1.0,0.6000000000000001,"['strict_confluence', 'cluster_wddrb_model_bias', 'model_up_bias', 'cluster_near_weekly']",2016-10-27,4h,stop,2139.75,False
1477575000,2016-10-27 09:30:00,ES,RR,strict_confluence,long,2140.0,2139.75,2144.75,0.25,4.75,-1.0,0.6000000000000001,"['strict_confluence', 'cluster_wddrb_model_bias', 'model_up_bias', 'cluster_near_weekly']",2016-10-27,session,stop,2139.75,False
1477924200,2016-10-31 10:30:00,ES,RS,strict_confluence,short,2120.75,2126.0,2115.0,5.25,5.75,-1.0,0.6000000000000001,"['strict_confluence', 'cluster_wddrb_model_bias', 'model_down_bias', 'cluster_near_darkpool']",2016-10-31,1h,stop,2126.0,False
1477924200,2016-10-31 10:30:00,ES,RS,strict_confluence,short,2120.75,2126.0,2115.0,5.25,5.75,-1.0,0.6000000000000001,"['strict_confluence', 'cluster_wddrb_model_bias', 'model_down_bias', 'cluster_near_darkpool']",2016-10-31,2h,stop,2126.0,False
1477924200,2016-10-31 10:30:00,ES,RS,strict_confluence,short,2120.75,2126.0,2115.0,5.25,5.75,-1.0,0.6000000000000001,"['strict_confluence', 'cluster_wddrb_model_bias', 'model_down_bias', 'cluster_near_darkpool']",2016-10-31,4h,stop,2126.0,False
1477924200,2016-10-31 10:30:00,ES,RS,strict_confluence,short,2120.75,2126.0,2115.0,5.25,5.75,-1.0,0.6000000000000001,"['strict_confluence', 'cluster_wddrb_model_bias', 'model_down_bias', 'cluster_near_darkpool']",2016-10-31,session,stop,2126.0,False
1478183400,2016-11-03 10:30:00,ES,RS,strict_confluence,long,2096.5,2091.5,2104.0,5.0,7.5,-0.2,0.6000000000000001,"['strict_confluence', 'cluster_wddrb_model_bias', 'model_up_bias', 'cluster_near_monthly']",2016-11-03,1h,timeout,2095.5,False
1478183400,2016-11-03 10:30:00,ES,RS,strict_confluence,long,2096.5,2091.5,2104.0,5.0,7.5,-1.0,0.6000000000000001,"['strict_confluence', 'cluster_wddrb_model_bias', 'model_up_bias', 'cluster_near_monthly']",2016-11-03,2h,stop,2091.5,False
1478183400,2016-11-03 10:30:00,ES,RS,strict_confluence,long,2096.5,2091.5,2104.0,5.0,7.5,-1.0,0.6000000000000001,"['strict_confluence', 'cluster_wddrb_model_bias', 'model_up_bias', 'cluster_near_monthly']",2016-11-03,4h,stop,2091.5,False
1478183400,2016-11-03 10:30:00,ES,RS,strict_confluence,long,2096.5,2091.5,2104.0,5.0,7.5,-1.0,0.6000000000000001,"['strict_confluence', 'cluster_wddrb_model_bias', 'model_up_bias', 'cluster_near_monthly']",2016-11-03,session,stop,2091.5,False
1478532600,2016-11-07 10:30:00,ES,RS,strict_confluence,long,2116.5,2108.0,2125.5,8.5,9.0,0.5294117647058824,0.6000000000000001,"['strict_confluence', 'cluster_wddrb_model_bias', 'model_up_bias', 'cluster_near_weekly']",2016-11-07,1h,timeout,2121.0,False
1478532600,2016-11-07 10:30:00,ES,RS,strict_confluence,long,2116.5,2108.0,2125.5,8.5,9.0,0.7941176470588235,0.6000000000000001,"['strict_confluence', 'cluster_wddrb_model_bias', 'model_up_bias', 'cluster_near_weekly']",2016-11-07,2h,timeout,2123.25,False
1478532600,2016-11-07 10:30:00,ES,RS,strict_confluence,long,2116.5,2108.0,2125.5,8.5,9.0,0.8235294117647058,0.6000000000000001,"['strict_confluence', 'cluster_wddrb_model_bias', 'model_up_bias', 'cluster_near_weekly']",2016-11-07,4h,timeout,2123.5,False
1478532600,2016-11-07 10:30:00,ES,RS,strict_confluence,long,2116.5,2108.0,2125.5,8.5,9.0,1.0588235294117647,0.6000000000000001,"['strict_confluence', 'cluster_wddrb_model_bias', 'model_up_bias', 'cluster_near_weekly']",2016-11-07,session,target,2125.5,False
1479308100,2016-11-16 09:55:00,ES,RR,strict_confluence,long,2170.75,2170.0,2180.5,0.75,9.75,-1.0,0.7000000000000001,"['strict_confluence', 'cluster_wddrb_model_bias', 'model_up_bias', 'cluster_near_darkpool']",2016-11-16,1h,stop,2170.0,False
1479308100,2016-11-16 09:55:00,ES,RR,strict_confluence,long,2170.75,2170.0,2180.5,0.75,9.75,-1.0,0.7000000000000001,"['strict_confluence', 'cluster_wddrb_model_bias', 'model_up_bias', 'cluster_near_darkpool']",2016-11-16,2h,stop,2170.0,False
1479308100,2016-11-16 09:55:00,ES,RR,strict_confluence,long,2170.75,2170.0,2180.5,0.75,9.75,-1.0,0.7000000000000001,"['strict_confluence', 'cluster_wddrb_model_bias', 'model_up_bias', 'cluster_near_darkpool']",2016-11-16,4h,stop,2170.0,False
1479308100,2016-11-16 09:55:00,ES,RR,strict_confluence,long,2170.75,2170.0,2180.5,0.75,9.75,-1.0,0.7000000000000001,"['strict_confluence', 'cluster_wddrb_model_bias', 'model_up_bias', 'cluster_near_darkpool']",2016-11-16,session,stop,2170.0,False
1479297300,2016-11-16 06:55:00,ES,OS,strict_confluence,short,2173.25,2178.0,2148.0,4.75,25.25,0.2631578947368421,0.6000000000000001,"['strict_confluence', 'cluster_wddrb_model_bias', 'model_down_bias', 'cluster_near_darkpool']",2016-11-16,1h,timeout,2172.0,False
1479297300,2016-11-16 06:55:00,ES,OS,strict_confluence,short,2173.25,2178.0,2148.0,4.75,25.25,0.5789473684210527,0.6000000000000001,"['strict_confluence', 'cluster_wddrb_model_bias', 'model_down_bias', 'cluster_near_darkpool']",2016-11-16,2h,timeout,2170.5,False
1479297300,2016-11-16 06:55:00,ES,OS,strict_confluence,short,2173.25,2178.0,2148.0,4.75,25.25,-0.2631578947368421,0.6000000000000001,"['strict_confluence', 'cluster_wddrb_model_bias', 'model_down_bias', 'cluster_near_darkpool']",2016-11-16,4h,timeout,2174.5,False
1479297300,2016-11-16 06:55:00,ES,OS,strict_confluence,short,2173.25,2178.0,2148.0,4.75,25.25,0.6842105263157895,0.6000000000000001,"['strict_confluence', 'cluster_wddrb_model_bias', 'model_down_bias', 'cluster_near_darkpool']",2016-11-16,session,timeout,2170.0,False
1479846600,2016-11-22 15:30:00,ES,RS,strict_confluence,short,2200.5,2201.0,2182.5,0.5,18.0,-1.0,0.6500000000000001,"['strict_confluence', 'cluster_wddrb_model_bias', 'model_down_bias', 'cluster_near_weekly']",2016-11-22,1h,stop,2201.0,False
1479846600,2016-11-22 15:30:00,ES,RS,strict_confluence,short,2200.5,2201.0,2182.5,0.5,18.0,-1.0,0.6500000000000001,"['strict_confluence', 'cluster_wddrb_model_bias', 'model_down_bias', 'cluster_near_weekly']",2016-11-22,2h,stop,2201.0,False
1479846600,2016-11-22 15:30:00,ES,RS,strict_confluence,short,2200.5,2201.0,2182.5,0.5,18.0,-1.0,0.6500000000000001,"['strict_confluence', 'cluster_wddrb_model_bias', 'model_down_bias', 'cluster_near_weekly']",2016-11-22,4h,stop,2201.0,False
1479846600,2016-11-22 15:30:00,ES,RS,strict_confluence,short,2200.5,2201.0,2182.5,0.5,18.0,-1.0,0.6500000000000001,"['strict_confluence', 'cluster_wddrb_model_bias', 'model_down_bias', 'cluster_near_weekly']",2016-11-22,session,stop,2201.0,False
1479828600,2016-11-22 10:30:00,ES,RS,strict_confluence,short,2198.75,2201.0,2195.0,2.25,3.75,1.6666666666666667,0.6000000000000001,"['strict_confluence', 'cluster_wddrb_model_bias', 'model_down_bias', 'cluster_near_weekly']",2016-11-22,1h,target,2195.0,False
1479828600,2016-11-22 10:30:00,ES,RS,strict_confluence,short,2198.75,2201.0,2195.0,2.25,3.75,1.6666666666666667,0.6000000000000001,"['strict_confluence', 'cluster_wddrb_model_bias', 'model_down_bias', 'cluster_near_weekly']",2016-11-22,2h,target,2195.0,False
1479828600,2016-11-22 10:30:00,ES,RS,strict_confluence,short,2198.75,2201.0,2195.0,2.25,3.75,1.6666666666666667,0.6000000000000001,"['strict_confluence', 'cluster_wddrb_model_bias', 'model_down_bias', 'cluster_near_weekly']",2016-11-22,4h,target,2195.0,False
1479828600,2016-11-22 10:30:00,ES,RS,strict_confluence,short,2198.75,2201.0,2195.0,2.25,3.75,1.6666666666666667,0.6000000000000001,"['strict_confluence', 'cluster_wddrb_model_bias', 'model_down_bias', 'cluster_near_weekly']",2016-11-22,session,target,2195.0,False
1479915000,2016-11-23 10:30:00,ES,RS,strict_confluence,long,2198.5,2192.0,2206.5,6.5,8.0,-0.4230769230769231,0.7000000000000001,"['strict_confluence', 'cluster_wddrb_model_bias', 'model_up_bias', 'cluster_near_weekly']",2016-11-23,1h,timeout,2195.75,False
1479915000,2016-11-23 10:30:00,ES,RS,strict_confluence,long,2198.5,2192.0,2206.5,6.5,8.0,-0.07692307692307693,0.7000000000000001,"['strict_confluence', 'cluster_wddrb_model_bias', 'model_up_bias', 'cluster_near_weekly']",2016-11-23,2h,timeout,2198.0,False
1479915000,2016-11-23 10:30:00,ES,RS,strict_confluence,long,2198.5,2192.0,2206.5,6.5,8.0,0.3076923076923077,0.7000000000000001,"['strict_confluence', 'cluster_wddrb_model_bias', 'model_up_bias', 'cluster_near_weekly']",2016-11-23,4h,timeout,2200.5,False
1479915000,2016-11-23 10:30:00,ES,RS,strict_confluence,long,2198.5,2192.0,2206.5,6.5,8.0,0.5,0.7000000000000001,"['strict_confluence', 'cluster_wddrb_model_bias', 'model_up_bias', 'cluster_near_weekly']",2016-11-23,session,timeout,2201.75,False
1480411200,2016-11-29 04:20:00,ES,OS,strict_confluence,long,2205.0,2198.25,2220.75,6.75,15.75,-0.2962962962962963,0.6000000000000001,"['strict_confluence', 'cluster_wddrb_model_bias', 'model_up_bias', 'cluster_near_darkpool']",2016-11-29,1h,timeout,2203.0,False
1480411200,2016-11-29 04:20:00,ES,OS,strict_confluence,long,2205.0,2198.25,2220.75,6.75,15.75,-0.14814814814814814,0.6000000000000001,"['strict_confluence', 'cluster_wddrb_model_bias', 'model_up_bias', 'cluster_near_darkpool']",2016-11-29,2h,timeout,2204.0,False
1480411200,2016-11-29 04:20:00,ES,OS,strict_confluence,long,2205.0,2198.25,2220.75,6.75,15.75,-0.2222222222222222,0.6000000000000001,"['strict_confluence', 'cluster_wddrb_model_bias', 'model_up_bias', 'cluster_near_darkpool']",2016-11-29,4h,timeout,2203.5,False
1480411200,2016-11-29 04:20:00,ES,OS,strict_confluence,long,2205.0,2198.25,2220.75,6.75,15.75,-0.25925925925925924,0.6000000000000001,"['strict_confluence', 'cluster_wddrb_model_bias', 'model_up_bias', 'cluster_near_darkpool']",2016-11-29,session,timeout,2203.25,False
1480496400,2016-11-30 04:00:00,ES,OS,strict_confluence,long,2208.0,2196.25,2222.75,11.75,14.75,-0.2978723404255319,0.7000000000000001,"['strict_confluence', 'cluster_wddrb_model_bias', 'model_up_bias', 'cluster_near_darkpool']",2016-11-30,1h,timeout,2204.5,False
1480496400,2016-11-30 04:00:00,ES,OS,strict_confluence,long,2208.0,2196.25,2222.75,11.75,14.75,-0.1276595744680851,0.7000000000000001,"['strict_confluence', 'cluster_wddrb_model_bias', 'model_up_bias', 'cluster_near_darkpool']",2016-11-30,2h,timeout,2206.5,False
1480496400,2016-11-30 04:00:00,ES,OS,strict_confluence,long,2208.0,2196.25,2222.75,11.75,14.75,0.1276595744680851,0.7000000000000001,"['strict_confluence', 'cluster_wddrb_model_bias', 'model_up_bias', 'cluster_near_darkpool']",2016-11-30,4h,timeout,2209.5,False
1480496400,2016-11-30 04:00:00,ES,OS,strict_confluence,long,2208.0,2196.25,2222.75,11.75,14.75,0.0425531914893617,0.7000000000000001,"['strict_confluence', 'cluster_wddrb_model_bias', 'model_up_bias', 'cluster_near_darkpool']",2016-11-30,session,timeout,2208.5,False
1480669200,2016-12-02 04:00:00,ES,OS,strict_confluence,short,2186.0,2202.0,2170.0,16.0,16.0,0.0,0.6000000000000001,"['strict_confluence', 'cluster_wddrb_model_bias', 'model_down_bias', 'cluster_near_darkpool']",2016-12-02,1h,timeout,2186.0,False
1480669200,2016-12-02 04:00:00,ES,OS,strict_confluence,short,2186.0,2202.0,2170.0,16.0,16.0,-0.015625,0.6000000000000001,"['strict_confluence', 'cluster_wddrb_model_bias', 'model_down_bias', 'cluster_near_darkpool']",2016-12-02,2h,timeout,2186.25,False
1480669200,2016-12-02 04:00:00,ES,OS,strict_confluence,short,2186.0,2202.0,2170.0,16.0,16.0,-0.140625,0.6000000000000001,"['strict_confluence', 'cluster_wddrb_model_bias', 'model_down_bias', 'cluster_near_darkpool']",2016-12-02,4h,timeout,2188.25,False
1480669200,2016-12-02 04:00:00,ES,OS,strict_confluence,short,2186.0,2202.0,2170.0,16.0,16.0,-0.25,0.6000000000000001,"['strict_confluence', 'cluster_wddrb_model_bias', 'model_down_bias', 'cluster_near_darkpool']",2016-12-02,session,timeout,2190.0,False
1480948800,2016-12-05 09:40:00,ES,RR,strict_confluence,long,2201.5,2198.75,2204.75,2.75,3.25,1.1818181818181819,0.6000000000000001,"['strict_confluence', 'cluster_wddrb_model_bias', 'model_up_bias', 'cluster_near_weekly']",2016-12-05,1h,target,2204.75,False
1480948800,2016-12-05 09:40:00,ES,RR,strict_confluence,long,2201.5,2198.75,2204.75,2.75,3.25,1.1818181818181819,0.6000000000000001,"['strict_confluence', 'cluster_wddrb_model_bias', 'model_up_bias', 'cluster_near_weekly']",2016-12-05,2h,target,2204.75,False
1480948800,2016-12-05 09:40:00,ES,RR,strict_confluence,long,2201.5,2198.75,2204.75,2.75,3.25,1.1818181818181819,0.6000000000000001,"['strict_confluence', 'cluster_wddrb_model_bias', 'model_up_bias', 'cluster_near_weekly']",2016-12-05,4h,target,2204.75,False
1480948800,2016-12-05 09:40:00,ES,RR,strict_confluence,long,2201.5,2198.75,2204.75,2.75,3.25,1.1818181818181819,0.6000000000000001,"['strict_confluence', 'cluster_wddrb_model_bias', 'model_up_bias', 'cluster_near_weekly']",2016-12-05,session,target,2204.75,False
1481643000,2016-12-13 10:30:00,ES,RS,strict_confluence,long,2265.75,2264.75,2281.75,1.0,16.0,3.75,0.7000000000000001,"['strict_confluence', 'cluster_wddrb_model_bias', 'model_up_bias', 'cluster_near_darkpool']",2016-12-13,1h,timeout,2269.5,False
1481643000,2016-12-13 10:30:00,ES,RS,strict_confluence,long,2265.75,2264.75,2281.75,1.0,16.0,7.0,0.7000000000000001,"['strict_confluence', 'cluster_wddrb_model_bias', 'model_up_bias', 'cluster_near_darkpool']",2016-12-13,2h,timeout,2272.75,False
1481643000,2016-12-13 10:30:00,ES,RS,strict_confluence,long,2265.75,2264.75,2281.75,1.0,16.0,6.5,0.7000000000000001,"['strict_confluence', 'cluster_wddrb_model_bias', 'model_up_bias', 'cluster_near_darkpool']",2016-12-13,4h,timeout,2272.25,False
1481643000,2016-12-13 10:30:00,ES,RS,strict_confluence,long,2265.75,2264.75,2281.75,1.0,16.0,6.0,0.7000000000000001,"['strict_confluence', 'cluster_wddrb_model_bias', 'model_up_bias', 'cluster_near_darkpool']",2016-12-13,session,timeout,2271.75,False
