ts,timestamp_ny,session,archetype,direction,entry,stop,target,r_multiple,condition,expectation,invalidation,weekly_override,horizon,outcome,exit_price,ambiguous
1736499600,2025-01-10T04:00:00-05:00,OS,after_formed,short,5944.75,5945.75,5939.25,5.5,first break true + confirm,THEN expect rotation toward 5939.25.,"IF price breaks 5945.75, THEN short thesis invalid.",False,1h,target,5939.25,False
1736499600,2025-01-10T04:00:00-05:00,OS,after_formed,short,5944.75,5945.75,5939.25,5.5,first break true + confirm,THEN expect rotation toward 5939.25.,"IF price breaks 5945.75, THEN short thesis invalid.",False,2h,target,5939.25,False
1736499600,2025-01-10T04:00:00-05:00,OS,after_formed,short,5944.75,5945.75,5939.25,5.5,first break true + confirm,THEN expect rotation toward 5939.25.,"IF price breaks 5945.75, THEN short thesis invalid.",False,4h,target,5939.25,False
1736499600,2025-01-10T04:00:00-05:00,OS,after_formed,short,5944.75,5945.75,5939.25,5.5,first break true + confirm,THEN expect rotation toward 5939.25.,"IF price breaks 5945.75, THEN short thesis invalid.",False,session,target,5939.25,False
1737124200,2025-01-17T09:30:00-05:00,RR,range_start,short,6026.75,6027.5,6023.0,5.0,perfect rejection + box down,THEN expect rotation toward 6023.00.,"IF price breaks 6027.50, THEN short thesis invalid.",False,1h,target,6023.0,False
1737124200,2025-01-17T09:30:00-05:00,RR,range_start,short,6026.75,6027.5,6023.0,5.0,perfect rejection + box down,THEN expect rotation toward 6023.00.,"IF price breaks 6027.50, THEN short thesis invalid.",False,2h,target,6023.0,False
1737124200,2025-01-17T09:30:00-05:00,RR,range_start,short,6026.75,6027.5,6023.0,5.0,perfect rejection + box down,THEN expect rotation toward 6023.00.,"IF price breaks 6027.50, THEN short thesis invalid.",False,4h,target,6023.0,False
1737124200,2025-01-17T09:30:00-05:00,RR,range_start,short,6026.75,6027.5,6023.0,5.0,perfect rejection + box down,THEN expect rotation toward 6023.00.,"IF price breaks 6027.50, THEN short thesis invalid.",False,session,target,6023.0,False
1738074600,2025-01-28T09:30:00-05:00,RR,range_start,short,6057.5,6059.0,6052.75,3.1666666666666665,perfect rejection + box down,THEN expect rotation toward 6052.75.,"IF price breaks 6059.00, THEN short thesis invalid.",False,1h,target,6052.75,False
1738074600,2025-01-28T09:30:00-05:00,RR,range_start,short,6057.5,6059.0,6052.75,3.1666666666666665,perfect rejection + box down,THEN expect rotation toward 6052.75.,"IF price breaks 6059.00, THEN short thesis invalid.",False,2h,target,6052.75,False
1738074600,2025-01-28T09:30:00-05:00,RR,range_start,short,6057.5,6059.0,6052.75,3.1666666666666665,perfect rejection + box down,THEN expect rotation toward 6052.75.,"IF price breaks 6059.00, THEN short thesis invalid.",False,4h,target,6052.75,False
1738074600,2025-01-28T09:30:00-05:00,RR,range_start,short,6057.5,6059.0,6052.75,3.1666666666666665,perfect rejection + box down,THEN expect rotation toward 6052.75.,"IF price breaks 6059.00, THEN short thesis invalid.",False,session,target,6052.75,False
1738164600,2025-01-29T10:30:00-05:00,RS,after_formed,long,6079.75,6078.5,6111.5,-1.0,rejection bias + confluence,THEN expect rotation toward 6111.50.,"IF price breaks 6078.50, THEN long thesis invalid.",False,1h,stop,6078.5,False
1738164600,2025-01-29T10:30:00-05:00,RS,after_formed,long,6079.75,6078.5,6111.5,-1.0,rejection bias + confluence,THEN expect rotation toward 6111.50.,"IF price breaks 6078.50, THEN long thesis invalid.",False,2h,stop,6078.5,False
1738164600,2025-01-29T10:30:00-05:00,RS,after_formed,long,6079.75,6078.5,6111.5,-1.0,rejection bias + confluence,THEN expect rotation toward 6111.50.,"IF price breaks 6078.50, THEN long thesis invalid.",False,4h,stop,6078.5,False
1738164600,2025-01-29T10:30:00-05:00,RS,after_formed,long,6079.75,6078.5,6111.5,-1.0,rejection bias + confluence,THEN expect rotation toward 6111.50.,"IF price breaks 6078.50, THEN long thesis invalid.",False,session,stop,6078.5,False
1738247400,2025-01-30T09:30:00-05:00,RR,range_start,short,6089.5,6092.25,6042.25,-1.0,perfect rejection + box down,THEN expect rotation toward 6042.25.,"IF price breaks 6092.25, THEN short thesis invalid.",False,1h,stop,6092.25,False
1738247400,2025-01-30T09:30:00-05:00,RR,range_start,short,6089.5,6092.25,6042.25,-1.0,perfect rejection + box down,THEN expect rotation toward 6042.25.,"IF price breaks 6092.25, THEN short thesis invalid.",False,2h,stop,6092.25,False
1738247400,2025-01-30T09:30:00-05:00,RR,range_start,short,6089.5,6092.25,6042.25,-1.0,perfect rejection + box down,THEN expect rotation toward 6042.25.,"IF price breaks 6092.25, THEN short thesis invalid.",False,4h,stop,6092.25,False
1738247400,2025-01-30T09:30:00-05:00,RR,range_start,short,6089.5,6092.25,6042.25,-1.0,perfect rejection + box down,THEN expect rotation toward 6042.25.,"IF price breaks 6092.25, THEN short thesis invalid.",False,session,stop,6092.25,False
1738679400,2025-02-04T09:30:00-05:00,RR,range_start,long,6023.5,6022.75,6049.25,34.333333333333336,perfect rejection + box up,THEN expect rotation toward 6049.25.,"IF price breaks 6022.75, THEN long thesis invalid.",False,1h,target,6049.25,False
1738679400,2025-02-04T09:30:00-05:00,RR,range_start,long,6023.5,6022.75,6049.25,34.333333333333336,perfect rejection + box up,THEN expect rotation toward 6049.25.,"IF price breaks 6022.75, THEN long thesis invalid.",False,2h,target,6049.25,False
1738679400,2025-02-04T09:30:00-05:00,RR,range_start,long,6023.5,6022.75,6049.25,34.333333333333336,perfect rejection + box up,THEN expect rotation toward 6049.25.,"IF price breaks 6022.75, THEN long thesis invalid.",False,4h,target,6049.25,False
1738679400,2025-02-04T09:30:00-05:00,RR,range_start,long,6023.5,6022.75,6049.25,34.333333333333336,perfect rejection + box up,THEN expect rotation toward 6049.25.,"IF price breaks 6022.75, THEN long thesis invalid.",False,session,target,6049.25,False
1739437200,2025-02-13T04:00:00-05:00,OS,after_formed,short,6058.25,6059.0,6020.75,-1.0,perfect rejection + box down,THEN expect rotation toward 6020.75.,"IF price breaks 6059.00, THEN short thesis invalid.",False,1h,stop,6059.0,False
1739437200,2025-02-13T04:00:00-05:00,OS,after_formed,short,6058.25,6059.0,6020.75,-1.0,perfect rejection + box down,THEN expect rotation toward 6020.75.,"IF price breaks 6059.00, THEN short thesis invalid.",False,2h,stop,6059.0,False
1739437200,2025-02-13T04:00:00-05:00,OS,after_formed,short,6058.25,6059.0,6020.75,-1.0,perfect rejection + box down,THEN expect rotation toward 6020.75.,"IF price breaks 6059.00, THEN short thesis invalid.",False,4h,stop,6059.0,False
1739437200,2025-02-13T04:00:00-05:00,OS,after_formed,short,6058.25,6059.0,6020.75,-1.0,perfect rejection + box down,THEN expect rotation toward 6020.75.,"IF price breaks 6059.00, THEN short thesis invalid.",False,session,stop,6059.0,False
1740407400,2025-02-24T09:30:00-05:00,RR,range_start,long,6050.0,6048.5,6133.0,-1.0,perfect rejection + box up,THEN expect rotation toward 6133.00.,"IF price breaks 6048.50, THEN long thesis invalid.",False,1h,stop,6048.5,False
1740407400,2025-02-24T09:30:00-05:00,RR,range_start,long,6050.0,6048.5,6133.0,-1.0,perfect rejection + box up,THEN expect rotation toward 6133.00.,"IF price breaks 6048.50, THEN long thesis invalid.",False,2h,stop,6048.5,False
1740407400,2025-02-24T09:30:00-05:00,RR,range_start,long,6050.0,6048.5,6133.0,-1.0,perfect rejection + box up,THEN expect rotation toward 6133.00.,"IF price breaks 6048.50, THEN long thesis invalid.",False,4h,stop,6048.5,False
1740407400,2025-02-24T09:30:00-05:00,RR,range_start,long,6050.0,6048.5,6133.0,-1.0,perfect rejection + box up,THEN expect rotation toward 6133.00.,"IF price breaks 6048.50, THEN long thesis invalid.",False,session,stop,6048.5,False
1740493800,2025-02-25T09:30:00-05:00,RR,range_start,long,6000.5,5995.75,6060.0,-1.0,perfect rejection + box up,THEN expect rotation toward 6060.00.,"IF price breaks 5995.75, THEN long thesis invalid.",False,1h,stop,5995.75,False
1740493800,2025-02-25T09:30:00-05:00,RR,range_start,long,6000.5,5995.75,6060.0,-1.0,perfect rejection + box up,THEN expect rotation toward 6060.00.,"IF price breaks 5995.75, THEN long thesis invalid.",False,2h,stop,5995.75,False
1740493800,2025-02-25T09:30:00-05:00,RR,range_start,long,6000.5,5995.75,6060.0,-1.0,perfect rejection + box up,THEN expect rotation toward 6060.00.,"IF price breaks 5995.75, THEN long thesis invalid.",False,4h,stop,5995.75,False
1740493800,2025-02-25T09:30:00-05:00,RR,range_start,long,6000.5,5995.75,6060.0,-1.0,perfect rejection + box up,THEN expect rotation toward 6060.00.,"IF price breaks 5995.75, THEN long thesis invalid.",False,session,stop,5995.75,False
1741102200,2025-03-04T10:30:00-05:00,RS,after_formed,short,5766.75,5767.5,5749.0,-1.0,first break true + confirm,THEN expect rotation toward 5749.00.,"IF price breaks 5767.50, THEN short thesis invalid.",False,1h,stop,5767.5,False
1741102200,2025-03-04T10:30:00-05:00,RS,after_formed,short,5766.75,5767.5,5749.0,-1.0,first break true + confirm,THEN expect rotation toward 5749.00.,"IF price breaks 5767.50, THEN short thesis invalid.",False,2h,stop,5767.5,False
1741102200,2025-03-04T10:30:00-05:00,RS,after_formed,short,5766.75,5767.5,5749.0,-1.0,first break true + confirm,THEN expect rotation toward 5749.00.,"IF price breaks 5767.50, THEN short thesis invalid.",False,4h,stop,5767.5,False
1741102200,2025-03-04T10:30:00-05:00,RS,after_formed,short,5766.75,5767.5,5749.0,-1.0,first break true + confirm,THEN expect rotation toward 5749.00.,"IF price breaks 5767.50, THEN short thesis invalid.",False,session,stop,5767.5,False
1741789800,2025-03-12T10:30:00-04:00,RS,after_formed,short,5603.75,5609.5,5534.0,3.217391304347826,first break true + confirm,THEN expect rotation toward 5534.00.,"IF price breaks 5609.50, THEN short thesis invalid.",False,1h,timeout,5585.25,False
1741789800,2025-03-12T10:30:00-04:00,RS,after_formed,short,5603.75,5609.5,5534.0,-1.0,first break true + confirm,THEN expect rotation toward 5534.00.,"IF price breaks 5609.50, THEN short thesis invalid.",False,2h,stop,5609.5,False
1741789800,2025-03-12T10:30:00-04:00,RS,after_formed,short,5603.75,5609.5,5534.0,-1.0,first break true + confirm,THEN expect rotation toward 5534.00.,"IF price breaks 5609.50, THEN short thesis invalid.",False,4h,stop,5609.5,False
1741789800,2025-03-12T10:30:00-04:00,RS,after_formed,short,5603.75,5609.5,5534.0,-1.0,first break true + confirm,THEN expect rotation toward 5534.00.,"IF price breaks 5609.50, THEN short thesis invalid.",False,session,stop,5609.5,False
1741962600,2025-03-14T10:30:00-04:00,RS,after_formed,long,5631.5,5629.5,5659.75,14.125,first break true + confirm,THEN expect rotation toward 5659.75.,"IF price breaks 5629.50, THEN long thesis invalid.",False,1h,target,5659.75,False
1741962600,2025-03-14T10:30:00-04:00,RS,after_formed,long,5631.5,5629.5,5659.75,14.125,first break true + confirm,THEN expect rotation toward 5659.75.,"IF price breaks 5629.50, THEN long thesis invalid.",False,2h,target,5659.75,False
1741962600,2025-03-14T10:30:00-04:00,RS,after_formed,long,5631.5,5629.5,5659.75,14.125,first break true + confirm,THEN expect rotation toward 5659.75.,"IF price breaks 5629.50, THEN long thesis invalid.",False,4h,target,5659.75,False
1741962600,2025-03-14T10:30:00-04:00,RS,after_formed,long,5631.5,5629.5,5659.75,14.125,first break true + confirm,THEN expect rotation toward 5659.75.,"IF price breaks 5629.50, THEN long thesis invalid.",False,session,target,5659.75,False
1743168600,2025-03-28T09:30:00-04:00,RR,range_start,short,5723.5,5726.75,5712.25,-1.0,perfect rejection + box down,THEN expect rotation toward 5712.25.,"IF price breaks 5726.75, THEN short thesis invalid.",False,1h,stop,5726.75,False
1743168600,2025-03-28T09:30:00-04:00,RR,range_start,short,5723.5,5726.75,5712.25,-1.0,perfect rejection + box down,THEN expect rotation toward 5712.25.,"IF price breaks 5726.75, THEN short thesis invalid.",False,2h,stop,5726.75,False
1743168600,2025-03-28T09:30:00-04:00,RR,range_start,short,5723.5,5726.75,5712.25,-1.0,perfect rejection + box down,THEN expect rotation toward 5712.25.,"IF price breaks 5726.75, THEN short thesis invalid.",False,4h,stop,5726.75,False
1743168600,2025-03-28T09:30:00-04:00,RR,range_start,short,5723.5,5726.75,5712.25,-1.0,perfect rejection + box down,THEN expect rotation toward 5712.25.,"IF price breaks 5726.75, THEN short thesis invalid.",False,session,stop,5726.75,False
1743467400,2025-03-31T20:30:00-04:00,AS,after_formed,short,5632.25,5633.0,5629.875,3.1666666666666665,first break true + confirm,THEN expect rotation toward 5629.88.,"IF price breaks 5633.00, THEN short thesis invalid.",False,1h,target,5629.875,False
1743467400,2025-03-31T20:30:00-04:00,AS,after_formed,short,5632.25,5633.0,5629.875,3.1666666666666665,first break true + confirm,THEN expect rotation toward 5629.88.,"IF price breaks 5633.00, THEN short thesis invalid.",False,2h,target,5629.875,False
1743467400,2025-03-31T20:30:00-04:00,AS,after_formed,short,5632.25,5633.0,5629.875,3.1666666666666665,first break true + confirm,THEN expect rotation toward 5629.88.,"IF price breaks 5633.00, THEN short thesis invalid.",False,4h,target,5629.875,False
1743467400,2025-03-31T20:30:00-04:00,AS,after_formed,short,5632.25,5633.0,5629.875,3.1666666666666665,first break true + confirm,THEN expect rotation toward 5629.88.,"IF price breaks 5633.00, THEN short thesis invalid.",False,session,target,5629.875,False
1744012800,2025-04-07T04:00:00-04:00,OS,after_formed,long,4880.5,4876.5,5103.0,11.625,first break true + confirm,THEN expect rotation toward 5103.00.,"IF price breaks 4876.50, THEN long thesis invalid.",False,1h,timeout,4927.0,False
1744012800,2025-04-07T04:00:00-04:00,OS,after_formed,long,4880.5,4876.5,5103.0,20.125,first break true + confirm,THEN expect rotation toward 5103.00.,"IF price breaks 4876.50, THEN long thesis invalid.",False,2h,timeout,4961.0,False
1744012800,2025-04-07T04:00:00-04:00,OS,after_formed,long,4880.5,4876.5,5103.0,26.3125,first break true + confirm,THEN expect rotation toward 5103.00.,"IF price breaks 4876.50, THEN long thesis invalid.",False,4h,timeout,4985.75,False
1744012800,2025-04-07T04:00:00-04:00,OS,after_formed,long,4880.5,4876.5,5103.0,32.875,first break true + confirm,THEN expect rotation toward 5103.00.,"IF price breaks 4876.50, THEN long thesis invalid.",False,session,timeout,5012.0,False
1744209000,2025-04-09T10:30:00-04:00,RS,after_formed,long,5040.0,5039.25,5050.0,-1.0,first break true + confirm,THEN expect rotation toward 5050.00.,"IF price breaks 5039.25, THEN long thesis invalid.",False,1h,stop,5039.25,True
1744209000,2025-04-09T10:30:00-04:00,RS,after_formed,long,5040.0,5039.25,5050.0,-1.0,first break true + confirm,THEN expect rotation toward 5050.00.,"IF price breaks 5039.25, THEN long thesis invalid.",False,2h,stop,5039.25,True
1744209000,2025-04-09T10:30:00-04:00,RS,after_formed,long,5040.0,5039.25,5050.0,-1.0,first break true + confirm,THEN expect rotation toward 5050.00.,"IF price breaks 5039.25, THEN long thesis invalid.",False,4h,stop,5039.25,True
1744209000,2025-04-09T10:30:00-04:00,RS,after_formed,long,5040.0,5039.25,5050.0,-1.0,first break true + confirm,THEN expect rotation toward 5050.00.,"IF price breaks 5039.25, THEN long thesis invalid.",False,session,stop,5039.25,True
1744295400,2025-04-10T10:30:00-04:00,RS,after_formed,short,5334.5,5353.125,4980.0,-1.0,perfect rejection + box down,THEN expect rotation toward 4980.00.,"IF price breaks 5353.12, THEN short thesis invalid.",False,1h,stop,5353.125,False
1744295400,2025-04-10T10:30:00-04:00,RS,after_formed,short,5334.5,5353.125,4980.0,-1.0,perfect rejection + box down,THEN expect rotation toward 4980.00.,"IF price breaks 5353.12, THEN short thesis invalid.",False,2h,stop,5353.125,False
1744295400,2025-04-10T10:30:00-04:00,RS,after_formed,short,5334.5,5353.125,4980.0,-1.0,perfect rejection + box down,THEN expect rotation toward 4980.00.,"IF price breaks 5353.12, THEN short thesis invalid.",False,4h,stop,5353.125,False
1744295400,2025-04-10T10:30:00-04:00,RS,after_formed,short,5334.5,5353.125,4980.0,-1.0,perfect rejection + box down,THEN expect rotation toward 4980.00.,"IF price breaks 5353.12, THEN short thesis invalid.",False,session,stop,5353.125,False
1744876800,2025-04-17T04:00:00-04:00,OS,after_formed,long,5361.75,5357.0,5401.0,-1.0,perfect rejection + box up,THEN expect rotation toward 5401.00.,"IF price breaks 5357.00, THEN long thesis invalid.",False,1h,stop,5357.0,False
1744876800,2025-04-17T04:00:00-04:00,OS,after_formed,long,5361.75,5357.0,5401.0,-1.0,perfect rejection + box up,THEN expect rotation toward 5401.00.,"IF price breaks 5357.00, THEN long thesis invalid.",False,2h,stop,5357.0,False
1744876800,2025-04-17T04:00:00-04:00,OS,after_formed,long,5361.75,5357.0,5401.0,-1.0,perfect rejection + box up,THEN expect rotation toward 5401.00.,"IF price breaks 5357.00, THEN long thesis invalid.",False,4h,stop,5357.0,False
1744876800,2025-04-17T04:00:00-04:00,OS,after_formed,long,5361.75,5357.0,5401.0,-1.0,perfect rejection + box up,THEN expect rotation toward 5401.00.,"IF price breaks 5357.00, THEN long thesis invalid.",False,session,stop,5357.0,False
1745308800,2025-04-22T04:00:00-04:00,OS,after_formed,short,5231.0,5231.5,5227.0,-1.0,perfect rejection + box down,THEN expect rotation toward 5227.00.,"IF price breaks 5231.50, THEN short thesis invalid.",False,1h,stop,5231.5,False
1745308800,2025-04-22T04:00:00-04:00,OS,after_formed,short,5231.0,5231.5,5227.0,-1.0,perfect rejection + box down,THEN expect rotation toward 5227.00.,"IF price breaks 5231.50, THEN short thesis invalid.",False,2h,stop,5231.5,False
1745308800,2025-04-22T04:00:00-04:00,OS,after_formed,short,5231.0,5231.5,5227.0,-1.0,perfect rejection + box down,THEN expect rotation toward 5227.00.,"IF price breaks 5231.50, THEN short thesis invalid.",False,4h,stop,5231.5,False
1745308800,2025-04-22T04:00:00-04:00,OS,after_formed,short,5231.0,5231.5,5227.0,-1.0,perfect rejection + box down,THEN expect rotation toward 5227.00.,"IF price breaks 5231.50, THEN short thesis invalid.",False,session,stop,5231.5,False
1746000000,2025-04-30T04:00:00-04:00,OS,after_formed,long,5574.5,5570.5,5597.25,-1.0,perfect rejection + box up,THEN expect rotation toward 5597.25.,"IF price breaks 5570.50, THEN long thesis invalid.",False,1h,stop,5570.5,False
1746000000,2025-04-30T04:00:00-04:00,OS,after_formed,long,5574.5,5570.5,5597.25,-1.0,perfect rejection + box up,THEN expect rotation toward 5597.25.,"IF price breaks 5570.50, THEN long thesis invalid.",False,2h,stop,5570.5,False
1746000000,2025-04-30T04:00:00-04:00,OS,after_formed,long,5574.5,5570.5,5597.25,-1.0,perfect rejection + box up,THEN expect rotation toward 5597.25.,"IF price breaks 5570.50, THEN long thesis invalid.",False,4h,stop,5570.5,False
1746000000,2025-04-30T04:00:00-04:00,OS,after_formed,long,5574.5,5570.5,5597.25,-1.0,perfect rejection + box up,THEN expect rotation toward 5597.25.,"IF price breaks 5570.50, THEN long thesis invalid.",False,session,stop,5570.5,False
1745937000,2025-04-29T10:30:00-04:00,RS,after_formed,long,5541.25,5536.0,5578.75,2.7142857142857144,perfect rejection + box up,THEN expect rotation toward 5578.75.,"IF price breaks 5536.00, THEN long thesis invalid.",False,1h,timeout,5555.5,False
1745937000,2025-04-29T10:30:00-04:00,RS,after_formed,long,5541.25,5536.0,5578.75,6.095238095238095,perfect rejection + box up,THEN expect rotation toward 5578.75.,"IF price breaks 5536.00, THEN long thesis invalid.",False,2h,timeout,5573.25,False
1745937000,2025-04-29T10:30:00-04:00,RS,after_formed,long,5541.25,5536.0,5578.75,7.142857142857143,perfect rejection + box up,THEN expect rotation toward 5578.75.,"IF price breaks 5536.00, THEN long thesis invalid.",False,4h,target,5578.75,False
1745937000,2025-04-29T10:30:00-04:00,RS,after_formed,long,5541.25,5536.0,5578.75,7.142857142857143,perfect rejection + box up,THEN expect rotation toward 5578.75.,"IF price breaks 5536.00, THEN long thesis invalid.",False,session,target,5578.75,False
1746714600,2025-05-08T10:30:00-04:00,RS,after_formed,short,5680.75,5681.75,5676.25,-1.0,perfect rejection + box down,THEN expect rotation toward 5676.25.,"IF price breaks 5681.75, THEN short thesis invalid.",False,1h,stop,5681.75,True
1746714600,2025-05-08T10:30:00-04:00,RS,after_formed,short,5680.75,5681.75,5676.25,-1.0,perfect rejection + box down,THEN expect rotation toward 5676.25.,"IF price breaks 5681.75, THEN short thesis invalid.",False,2h,stop,5681.75,True
1746714600,2025-05-08T10:30:00-04:00,RS,after_formed,short,5680.75,5681.75,5676.25,-1.0,perfect rejection + box down,THEN expect rotation toward 5676.25.,"IF price breaks 5681.75, THEN short thesis invalid.",False,4h,stop,5681.75,True
1746714600,2025-05-08T10:30:00-04:00,RS,after_formed,short,5680.75,5681.75,5676.25,-1.0,perfect rejection + box down,THEN expect rotation toward 5676.25.,"IF price breaks 5681.75, THEN short thesis invalid.",False,session,stop,5681.75,True
1747641600,2025-05-19T04:00:00-04:00,OS,after_formed,long,5905.75,5903.25,5975.5,-1.0,first break true + confirm,THEN expect rotation toward 5975.50.,"IF price breaks 5903.25, THEN long thesis invalid.",False,1h,stop,5903.25,False
1747641600,2025-05-19T04:00:00-04:00,OS,after_formed,long,5905.75,5903.25,5975.5,-1.0,first break true + confirm,THEN expect rotation toward 5975.50.,"IF price breaks 5903.25, THEN long thesis invalid.",False,2h,stop,5903.25,False
1747641600,2025-05-19T04:00:00-04:00,OS,after_formed,long,5905.75,5903.25,5975.5,-1.0,first break true + confirm,THEN expect rotation toward 5975.50.,"IF price breaks 5903.25, THEN long thesis invalid.",False,4h,stop,5903.25,False
1747641600,2025-05-19T04:00:00-04:00,OS,after_formed,long,5905.75,5903.25,5975.5,-1.0,first break true + confirm,THEN expect rotation toward 5975.50.,"IF price breaks 5903.25, THEN long thesis invalid.",False,session,stop,5903.25,False
1747987200,2025-05-23T04:00:00-04:00,OS,after_formed,long,5866.5,5863.0,5895.0,-1.0,first break true + confirm,THEN expect rotation toward 5895.00.,"IF price breaks 5863.00, THEN long thesis invalid.",False,1h,stop,5863.0,False
1747987200,2025-05-23T04:00:00-04:00,OS,after_formed,long,5866.5,5863.0,5895.0,-1.0,first break true + confirm,THEN expect rotation toward 5895.00.,"IF price breaks 5863.00, THEN long thesis invalid.",False,2h,stop,5863.0,False
1747987200,2025-05-23T04:00:00-04:00,OS,after_formed,long,5866.5,5863.0,5895.0,-1.0,first break true + confirm,THEN expect rotation toward 5895.00.,"IF price breaks 5863.00, THEN long thesis invalid.",False,4h,stop,5863.0,False
1747987200,2025-05-23T04:00:00-04:00,OS,after_formed,long,5866.5,5863.0,5895.0,-1.0,first break true + confirm,THEN expect rotation toward 5895.00.,"IF price breaks 5863.00, THEN long thesis invalid.",False,session,stop,5863.0,False
1748246400,2025-05-26T04:00:00-04:00,OS,after_formed,long,5891.0,5890.25,5895.0,-1.0,first break true + confirm,THEN expect rotation toward 5895.00.,"IF price breaks 5890.25, THEN long thesis invalid.",False,1h,stop,5890.25,False
1748246400,2025-05-26T04:00:00-04:00,OS,after_formed,long,5891.0,5890.25,5895.0,-1.0,first break true + confirm,THEN expect rotation toward 5895.00.,"IF price breaks 5890.25, THEN long thesis invalid.",False,2h,stop,5890.25,False
1748246400,2025-05-26T04:00:00-04:00,OS,after_formed,long,5891.0,5890.25,5895.0,-1.0,first break true + confirm,THEN expect rotation toward 5895.00.,"IF price breaks 5890.25, THEN long thesis invalid.",False,4h,stop,5890.25,False
1748246400,2025-05-26T04:00:00-04:00,OS,after_formed,long,5891.0,5890.25,5895.0,-1.0,first break true + confirm,THEN expect rotation toward 5895.00.,"IF price breaks 5890.25, THEN long thesis invalid.",False,session,stop,5890.25,False
1748356200,2025-05-27T10:30:00-04:00,RS,after_formed,long,5903.75,5903.25,5907.75,-1.0,perfect rejection + box up,THEN expect rotation toward 5907.75.,"IF price breaks 5903.25, THEN long thesis invalid.",False,1h,stop,5903.25,False
1748356200,2025-05-27T10:30:00-04:00,RS,after_formed,long,5903.75,5903.25,5907.75,-1.0,perfect rejection + box up,THEN expect rotation toward 5907.75.,"IF price breaks 5903.25, THEN long thesis invalid.",False,2h,stop,5903.25,False
1748356200,2025-05-27T10:30:00-04:00,RS,after_formed,long,5903.75,5903.25,5907.75,-1.0,perfect rejection + box up,THEN expect rotation toward 5907.75.,"IF price breaks 5903.25, THEN long thesis invalid.",False,4h,stop,5903.25,False
1748356200,2025-05-27T10:30:00-04:00,RS,after_formed,long,5903.75,5903.25,5907.75,-1.0,perfect rejection + box up,THEN expect rotation toward 5907.75.,"IF price breaks 5903.25, THEN long thesis invalid.",False,session,stop,5903.25,False
1749801600,2025-06-13T04:00:00-04:00,OS,after_formed,long,6026.25,6025.5,6051.0,-1.0,first break true + confirm,THEN expect rotation toward 6051.00.,"IF price breaks 6025.50, THEN long thesis invalid.",False,1h,stop,6025.5,False
1749801600,2025-06-13T04:00:00-04:00,OS,after_formed,long,6026.25,6025.5,6051.0,-1.0,first break true + confirm,THEN expect rotation toward 6051.00.,"IF price breaks 6025.50, THEN long thesis invalid.",False,2h,stop,6025.5,False
1749801600,2025-06-13T04:00:00-04:00,OS,after_formed,long,6026.25,6025.5,6051.0,-1.0,first break true + confirm,THEN expect rotation toward 6051.00.,"IF price breaks 6025.50, THEN long thesis invalid.",False,4h,stop,6025.5,False
1749801600,2025-06-13T04:00:00-04:00,OS,after_formed,long,6026.25,6025.5,6051.0,-1.0,first break true + confirm,THEN expect rotation toward 6051.00.,"IF price breaks 6025.50, THEN long thesis invalid.",False,session,stop,6025.5,False
1750230000,2025-06-18T03:00:00-04:00,OR,range_start,long,6049.5,6048.75,6056.25,9.0,perfect rejection + box up,THEN expect rotation toward 6056.25.,"IF price breaks 6048.75, THEN long thesis invalid.",False,1h,target,6056.25,False
1750230000,2025-06-18T03:00:00-04:00,OR,range_start,long,6049.5,6048.75,6056.25,9.0,perfect rejection + box up,THEN expect rotation toward 6056.25.,"IF price breaks 6048.75, THEN long thesis invalid.",False,2h,target,6056.25,False
1750230000,2025-06-18T03:00:00-04:00,OR,range_start,long,6049.5,6048.75,6056.25,9.0,perfect rejection + box up,THEN expect rotation toward 6056.25.,"IF price breaks 6048.75, THEN long thesis invalid.",False,4h,target,6056.25,False
1750230000,2025-06-18T03:00:00-04:00,OR,range_start,long,6049.5,6048.75,6056.25,9.0,perfect rejection + box up,THEN expect rotation toward 6056.25.,"IF price breaks 6048.75, THEN long thesis invalid.",False,session,target,6056.25,False
1750233600,2025-06-18T04:00:00-04:00,OS,after_formed,long,6052.0,6049.75,6081.25,-1.0,perfect rejection + box up,THEN expect rotation toward 6081.25.,"IF price breaks 6049.75, THEN long thesis invalid.",False,1h,stop,6049.75,False
1750233600,2025-06-18T04:00:00-04:00,OS,after_formed,long,6052.0,6049.75,6081.25,-1.0,perfect rejection + box up,THEN expect rotation toward 6081.25.,"IF price breaks 6049.75, THEN long thesis invalid.",False,2h,stop,6049.75,False
1750233600,2025-06-18T04:00:00-04:00,OS,after_formed,long,6052.0,6049.75,6081.25,-1.0,perfect rejection + box up,THEN expect rotation toward 6081.25.,"IF price breaks 6049.75, THEN long thesis invalid.",False,4h,stop,6049.75,False
1750233600,2025-06-18T04:00:00-04:00,OS,after_formed,long,6052.0,6049.75,6081.25,-1.0,perfect rejection + box up,THEN expect rotation toward 6081.25.,"IF price breaks 6049.75, THEN long thesis invalid.",False,session,stop,6049.75,False
1750689000,2025-06-23T10:30:00-04:00,RS,after_formed,long,6051.0,6050.25,6071.0,-1.0,first break true + confirm,THEN expect rotation toward 6071.00.,"IF price breaks 6050.25, THEN long thesis invalid.",False,1h,stop,6050.25,False
1750689000,2025-06-23T10:30:00-04:00,RS,after_formed,long,6051.0,6050.25,6071.0,-1.0,first break true + confirm,THEN expect rotation toward 6071.00.,"IF price breaks 6050.25, THEN long thesis invalid.",False,2h,stop,6050.25,False
1750689000,2025-06-23T10:30:00-04:00,RS,after_formed,long,6051.0,6050.25,6071.0,-1.0,first break true + confirm,THEN expect rotation toward 6071.00.,"IF price breaks 6050.25, THEN long thesis invalid.",False,4h,stop,6050.25,False
1750689000,2025-06-23T10:30:00-04:00,RS,after_formed,long,6051.0,6050.25,6071.0,-1.0,first break true + confirm,THEN expect rotation toward 6071.00.,"IF price breaks 6050.25, THEN long thesis invalid.",False,session,stop,6050.25,False
1751898600,2025-07-07T10:30:00-04:00,RS,after_formed,short,6299.0,6299.75,6279.25,15.0,first break true + confirm,THEN expect rotation toward 6279.25.,"IF price breaks 6299.75, THEN short thesis invalid.",False,1h,timeout,6287.75,False
1751898600,2025-07-07T10:30:00-04:00,RS,after_formed,short,6299.0,6299.75,6279.25,26.333333333333332,first break true + confirm,THEN expect rotation toward 6279.25.,"IF price breaks 6299.75, THEN short thesis invalid.",False,2h,target,6279.25,False
1751898600,2025-07-07T10:30:00-04:00,RS,after_formed,short,6299.0,6299.75,6279.25,26.333333333333332,first break true + confirm,THEN expect rotation toward 6279.25.,"IF price breaks 6299.75, THEN short thesis invalid.",False,4h,target,6279.25,False
1751898600,2025-07-07T10:30:00-04:00,RS,after_formed,short,6299.0,6299.75,6279.25,26.333333333333332,first break true + confirm,THEN expect rotation toward 6279.25.,"IF price breaks 6299.75, THEN short thesis invalid.",False,session,target,6279.25,False
1752048000,2025-07-09T04:00:00-04:00,OS,after_formed,long,6271.75,6267.0,6288.75,0.21052631578947367,first break true + confirm,THEN expect rotation toward 6288.75.,"IF price breaks 6267.00, THEN long thesis invalid.",False,1h,timeout,6272.75,False
1752048000,2025-07-09T04:00:00-04:00,OS,after_formed,long,6271.75,6267.0,6288.75,1.4736842105263157,first break true + confirm,THEN expect rotation toward 6288.75.,"IF price breaks 6267.00, THEN long thesis invalid.",False,2h,timeout,6278.75,False
1752048000,2025-07-09T04:00:00-04:00,OS,after_formed,long,6271.75,6267.0,6288.75,2.3684210526315788,first break true + confirm,THEN expect rotation toward 6288.75.,"IF price breaks 6267.00, THEN long thesis invalid.",False,4h,timeout,6283.0,False
1752048000,2025-07-09T04:00:00-04:00,OS,after_formed,long,6271.75,6267.0,6288.75,3.263157894736842,first break true + confirm,THEN expect rotation toward 6288.75.,"IF price breaks 6267.00, THEN long thesis invalid.",False,session,timeout,6287.25,False
1752157800,2025-07-10T10:30:00-04:00,RS,after_formed,short,6303.25,6304.0,6276.0,-1.0,perfect rejection + box down,THEN expect rotation toward 6276.00.,"IF price breaks 6304.00, THEN short thesis invalid.",False,1h,stop,6304.0,False
1752157800,2025-07-10T10:30:00-04:00,RS,after_formed,short,6303.25,6304.0,6276.0,-1.0,perfect rejection + box down,THEN expect rotation toward 6276.00.,"IF price breaks 6304.00, THEN short thesis invalid.",False,2h,stop,6304.0,False
1752157800,2025-07-10T10:30:00-04:00,RS,after_formed,short,6303.25,6304.0,6276.0,-1.0,perfect rejection + box down,THEN expect rotation toward 6276.00.,"IF price breaks 6304.00, THEN short thesis invalid.",False,4h,stop,6304.0,False
1752157800,2025-07-10T10:30:00-04:00,RS,after_formed,short,6303.25,6304.0,6276.0,-1.0,perfect rejection + box down,THEN expect rotation toward 6276.00.,"IF price breaks 6304.00, THEN short thesis invalid.",False,session,stop,6304.0,False
1752480000,2025-07-14T04:00:00-04:00,OS,after_formed,long,6276.75,6267.0,6312.75,0.15384615384615385,perfect rejection + box up,THEN expect rotation toward 6312.75.,"IF price breaks 6267.00, THEN long thesis invalid.",False,1h,timeout,6278.25,False
1752480000,2025-07-14T04:00:00-04:00,OS,after_formed,long,6276.75,6267.0,6312.75,0.5897435897435898,perfect rejection + box up,THEN expect rotation toward 6312.75.,"IF price breaks 6267.00, THEN long thesis invalid.",False,2h,timeout,6282.5,False
1752480000,2025-07-14T04:00:00-04:00,OS,after_formed,long,6276.75,6267.0,6312.75,0.5128205128205128,perfect rejection + box up,THEN expect rotation toward 6312.75.,"IF price breaks 6267.00, THEN long thesis invalid.",False,4h,timeout,6281.75,False
1752480000,2025-07-14T04:00:00-04:00,OS,after_formed,long,6276.75,6267.0,6312.75,0.8974358974358975,perfect rejection + box up,THEN expect rotation toward 6312.75.,"IF price breaks 6267.00, THEN long thesis invalid.",False,session,timeout,6285.5,False
1752825600,2025-07-18T04:00:00-04:00,OS,after_formed,short,6346.0,6348.375,6297.0,-1.0,perfect rejection + box down,THEN expect rotation toward 6297.00.,"IF price breaks 6348.38, THEN short thesis invalid.",False,1h,stop,6348.375,False
1752825600,2025-07-18T04:00:00-04:00,OS,after_formed,short,6346.0,6348.375,6297.0,-1.0,perfect rejection + box down,THEN expect rotation toward 6297.00.,"IF price breaks 6348.38, THEN short thesis invalid.",False,2h,stop,6348.375,False
1752825600,2025-07-18T04:00:00-04:00,OS,after_formed,short,6346.0,6348.375,6297.0,-1.0,perfect rejection + box down,THEN expect rotation toward 6297.00.,"IF price breaks 6348.38, THEN short thesis invalid.",False,4h,stop,6348.375,False
1752825600,2025-07-18T04:00:00-04:00,OS,after_formed,short,6346.0,6348.375,6297.0,-1.0,perfect rejection + box down,THEN expect rotation toward 6297.00.,"IF price breaks 6348.38, THEN short thesis invalid.",False,session,stop,6348.375,False
1752762600,2025-07-17T10:30:00-04:00,RS,after_formed,long,6315.0,6314.25,6323.25,-1.0,first break true + confirm,THEN expect rotation toward 6323.25.,"IF price breaks 6314.25, THEN long thesis invalid.",False,1h,stop,6314.25,False
1752762600,2025-07-17T10:30:00-04:00,RS,after_formed,long,6315.0,6314.25,6323.25,-1.0,first break true + confirm,THEN expect rotation toward 6323.25.,"IF price breaks 6314.25, THEN long thesis invalid.",False,2h,stop,6314.25,False
1752762600,2025-07-17T10:30:00-04:00,RS,after_formed,long,6315.0,6314.25,6323.25,-1.0,first break true + confirm,THEN expect rotation toward 6323.25.,"IF price breaks 6314.25, THEN long thesis invalid.",False,4h,stop,6314.25,False
1752762600,2025-07-17T10:30:00-04:00,RS,after_formed,long,6315.0,6314.25,6323.25,-1.0,first break true + confirm,THEN expect rotation toward 6323.25.,"IF price breaks 6314.25, THEN long thesis invalid.",False,session,stop,6314.25,False
1752849000,2025-07-18T10:30:00-04:00,RS,after_formed,short,6332.25,6333.0,6302.0,-1.0,first break true + confirm,THEN expect rotation toward 6302.00.,"IF price breaks 6333.00, THEN short thesis invalid.",False,1h,stop,6333.0,False
1752849000,2025-07-18T10:30:00-04:00,RS,after_formed,short,6332.25,6333.0,6302.0,-1.0,first break true + confirm,THEN expect rotation toward 6302.00.,"IF price breaks 6333.00, THEN short thesis invalid.",False,2h,stop,6333.0,False
1752849000,2025-07-18T10:30:00-04:00,RS,after_formed,short,6332.25,6333.0,6302.0,-1.0,first break true + confirm,THEN expect rotation toward 6302.00.,"IF price breaks 6333.00, THEN short thesis invalid.",False,4h,stop,6333.0,False
1752849000,2025-07-18T10:30:00-04:00,RS,after_formed,short,6332.25,6333.0,6302.0,-1.0,first break true + confirm,THEN expect rotation toward 6302.00.,"IF price breaks 6333.00, THEN short thesis invalid.",False,session,stop,6333.0,False
1753430400,2025-07-25T04:00:00-04:00,OS,after_formed,short,6404.5,6405.25,6391.5,-1.0,perfect rejection + box down,THEN expect rotation toward 6391.50.,"IF price breaks 6405.25, THEN short thesis invalid.",False,1h,stop,6405.25,False
1753430400,2025-07-25T04:00:00-04:00,OS,after_formed,short,6404.5,6405.25,6391.5,-1.0,perfect rejection + box down,THEN expect rotation toward 6391.50.,"IF price breaks 6405.25, THEN short thesis invalid.",False,2h,stop,6405.25,False
1753430400,2025-07-25T04:00:00-04:00,OS,after_formed,short,6404.5,6405.25,6391.5,-1.0,perfect rejection + box down,THEN expect rotation toward 6391.50.,"IF price breaks 6405.25, THEN short thesis invalid.",False,4h,stop,6405.25,False
1753430400,2025-07-25T04:00:00-04:00,OS,after_formed,short,6404.5,6405.25,6391.5,-1.0,perfect rejection + box down,THEN expect rotation toward 6391.50.,"IF price breaks 6405.25, THEN short thesis invalid.",False,session,stop,6405.25,False
1753799400,2025-07-29T10:30:00-04:00,RS,after_formed,short,6430.75,6431.5,6408.75,29.333333333333332,perfect rejection + box down,THEN expect rotation toward 6408.75.,"IF price breaks 6431.50, THEN short thesis invalid.",False,1h,target,6408.75,False
1753799400,2025-07-29T10:30:00-04:00,RS,after_formed,short,6430.75,6431.5,6408.75,29.333333333333332,perfect rejection + box down,THEN expect rotation toward 6408.75.,"IF price breaks 6431.50, THEN short thesis invalid.",False,2h,target,6408.75,False
1753799400,2025-07-29T10:30:00-04:00,RS,after_formed,short,6430.75,6431.5,6408.75,29.333333333333332,perfect rejection + box down,THEN expect rotation toward 6408.75.,"IF price breaks 6431.50, THEN short thesis invalid.",False,4h,target,6408.75,False
1753799400,2025-07-29T10:30:00-04:00,RS,after_formed,short,6430.75,6431.5,6408.75,29.333333333333332,perfect rejection + box down,THEN expect rotation toward 6408.75.,"IF price breaks 6431.50, THEN short thesis invalid.",False,session,target,6408.75,False
1753885800,2025-07-30T10:30:00-04:00,RS,after_formed,long,6415.75,6412.25,6440.0,-1.0,first break true + confirm,THEN expect rotation toward 6440.00.,"IF price breaks 6412.25, THEN long thesis invalid.",False,1h,stop,6412.25,False
1753885800,2025-07-30T10:30:00-04:00,RS,after_formed,long,6415.75,6412.25,6440.0,-1.0,first break true + confirm,THEN expect rotation toward 6440.00.,"IF price breaks 6412.25, THEN long thesis invalid.",False,2h,stop,6412.25,False
1753885800,2025-07-30T10:30:00-04:00,RS,after_formed,long,6415.75,6412.25,6440.0,-1.0,first break true + confirm,THEN expect rotation toward 6440.00.,"IF price breaks 6412.25, THEN long thesis invalid.",False,4h,stop,6412.25,False
1753885800,2025-07-30T10:30:00-04:00,RS,after_formed,long,6415.75,6412.25,6440.0,-1.0,first break true + confirm,THEN expect rotation toward 6440.00.,"IF price breaks 6412.25, THEN long thesis invalid.",False,session,stop,6412.25,False
1754035200,2025-08-01T04:00:00-04:00,OS,after_formed,short,6322.5,6322.75,6312.0,-1.0,perfect rejection + box down,THEN expect rotation toward 6312.00.,"IF price breaks 6322.75, THEN short thesis invalid.",False,1h,stop,6322.75,False
1754035200,2025-08-01T04:00:00-04:00,OS,after_formed,short,6322.5,6322.75,6312.0,-1.0,perfect rejection + box down,THEN expect rotation toward 6312.00.,"IF price breaks 6322.75, THEN short thesis invalid.",False,2h,stop,6322.75,False
1754035200,2025-08-01T04:00:00-04:00,OS,after_formed,short,6322.5,6322.75,6312.0,-1.0,perfect rejection + box down,THEN expect rotation toward 6312.00.,"IF price breaks 6322.75, THEN short thesis invalid.",False,4h,stop,6322.75,False
1754035200,2025-08-01T04:00:00-04:00,OS,after_formed,short,6322.5,6322.75,6312.0,-1.0,perfect rejection + box down,THEN expect rotation toward 6312.00.,"IF price breaks 6322.75, THEN short thesis invalid.",False,session,stop,6322.75,False
1754058600,2025-08-01T10:30:00-04:00,RS,after_formed,short,6281.0,6281.5,6274.125,-1.0,first break true + confirm,THEN expect rotation toward 6274.12.,"IF price breaks 6281.50, THEN short thesis invalid.",False,1h,stop,6281.5,False
1754058600,2025-08-01T10:30:00-04:00,RS,after_formed,short,6281.0,6281.5,6274.125,-1.0,first break true + confirm,THEN expect rotation toward 6274.12.,"IF price breaks 6281.50, THEN short thesis invalid.",False,2h,stop,6281.5,False
1754058600,2025-08-01T10:30:00-04:00,RS,after_formed,short,6281.0,6281.5,6274.125,-1.0,first break true + confirm,THEN expect rotation toward 6274.12.,"IF price breaks 6281.50, THEN short thesis invalid.",False,4h,stop,6281.5,False
1754058600,2025-08-01T10:30:00-04:00,RS,after_formed,short,6281.0,6281.5,6274.125,-1.0,first break true + confirm,THEN expect rotation toward 6274.12.,"IF price breaks 6281.50, THEN short thesis invalid.",False,session,stop,6281.5,False
1738164600,2025-01-29T10:30:00-05:00,RS,post_breakout,long,6079.75,6078.5,6111.5,-1.0,rejection bias + confluence,THEN expect rotation toward 6111.50.,"IF price breaks 6078.50, THEN long thesis invalid.",False,1h,stop,6078.5,False
1738164600,2025-01-29T10:30:00-05:00,RS,post_breakout,long,6079.75,6078.5,6111.5,-1.0,rejection bias + confluence,THEN expect rotation toward 6111.50.,"IF price breaks 6078.50, THEN long thesis invalid.",False,2h,stop,6078.5,False
1738164600,2025-01-29T10:30:00-05:00,RS,post_breakout,long,6079.75,6078.5,6111.5,-1.0,rejection bias + confluence,THEN expect rotation toward 6111.50.,"IF price breaks 6078.50, THEN long thesis invalid.",False,4h,stop,6078.5,False
1738164600,2025-01-29T10:30:00-05:00,RS,post_breakout,long,6079.75,6078.5,6111.5,-1.0,rejection bias + confluence,THEN expect rotation toward 6111.50.,"IF price breaks 6078.50, THEN long thesis invalid.",False,session,stop,6078.5,False
1741102200,2025-03-04T10:30:00-05:00,RS,post_breakout,short,5766.75,5767.5,5749.0,-1.0,first break true + confirm,THEN expect rotation toward 5749.00.,"IF price breaks 5767.50, THEN short thesis invalid.",False,1h,stop,5767.5,False
1741102200,2025-03-04T10:30:00-05:00,RS,post_breakout,short,5766.75,5767.5,5749.0,-1.0,first break true + confirm,THEN expect rotation toward 5749.00.,"IF price breaks 5767.50, THEN short thesis invalid.",False,2h,stop,5767.5,False
1741102200,2025-03-04T10:30:00-05:00,RS,post_breakout,short,5766.75,5767.5,5749.0,-1.0,first break true + confirm,THEN expect rotation toward 5749.00.,"IF price breaks 5767.50, THEN short thesis invalid.",False,4h,stop,5767.5,False
1741102200,2025-03-04T10:30:00-05:00,RS,post_breakout,short,5766.75,5767.5,5749.0,-1.0,first break true + confirm,THEN expect rotation toward 5749.00.,"IF price breaks 5767.50, THEN short thesis invalid.",False,session,stop,5767.5,False
1741789800,2025-03-12T10:30:00-04:00,RS,post_breakout,short,5603.75,5609.5,5534.0,3.217391304347826,first break true + confirm,THEN expect rotation toward 5534.00.,"IF price breaks 5609.50, THEN short thesis invalid.",False,1h,timeout,5585.25,False
1741789800,2025-03-12T10:30:00-04:00,RS,post_breakout,short,5603.75,5609.5,5534.0,-1.0,first break true + confirm,THEN expect rotation toward 5534.00.,"IF price breaks 5609.50, THEN short thesis invalid.",False,2h,stop,5609.5,False
1741789800,2025-03-12T10:30:00-04:00,RS,post_breakout,short,5603.75,5609.5,5534.0,-1.0,first break true + confirm,THEN expect rotation toward 5534.00.,"IF price breaks 5609.50, THEN short thesis invalid.",False,4h,stop,5609.5,False
1741789800,2025-03-12T10:30:00-04:00,RS,post_breakout,short,5603.75,5609.5,5534.0,-1.0,first break true + confirm,THEN expect rotation toward 5534.00.,"IF price breaks 5609.50, THEN short thesis invalid.",False,session,stop,5609.5,False
1741962600,2025-03-14T10:30:00-04:00,RS,post_breakout,long,5631.5,5629.5,5659.75,14.125,first break true + confirm,THEN expect rotation toward 5659.75.,"IF price breaks 5629.50, THEN long thesis invalid.",False,1h,target,5659.75,False
1741962600,2025-03-14T10:30:00-04:00,RS,post_breakout,long,5631.5,5629.5,5659.75,14.125,first break true + confirm,THEN expect rotation toward 5659.75.,"IF price breaks 5629.50, THEN long thesis invalid.",False,2h,target,5659.75,False
1741962600,2025-03-14T10:30:00-04:00,RS,post_breakout,long,5631.5,5629.5,5659.75,14.125,first break true + confirm,THEN expect rotation toward 5659.75.,"IF price breaks 5629.50, THEN long thesis invalid.",False,4h,target,5659.75,False
1741962600,2025-03-14T10:30:00-04:00,RS,post_breakout,long,5631.5,5629.5,5659.75,14.125,first break true + confirm,THEN expect rotation toward 5659.75.,"IF price breaks 5629.50, THEN long thesis invalid.",False,session,target,5659.75,False
1743467400,2025-03-31T20:30:00-04:00,AS,post_breakout,short,5632.25,5633.0,5629.875,3.1666666666666665,first break true + confirm,THEN expect rotation toward 5629.88.,"IF price breaks 5633.00, THEN short thesis invalid.",False,1h,target,5629.875,False
1743467400,2025-03-31T20:30:00-04:00,AS,post_breakout,short,5632.25,5633.0,5629.875,3.1666666666666665,first break true + confirm,THEN expect rotation toward 5629.88.,"IF price breaks 5633.00, THEN short thesis invalid.",False,2h,target,5629.875,False
1743467400,2025-03-31T20:30:00-04:00,AS,post_breakout,short,5632.25,5633.0,5629.875,3.1666666666666665,first break true + confirm,THEN expect rotation toward 5629.88.,"IF price breaks 5633.00, THEN short thesis invalid.",False,4h,target,5629.875,False
1743467400,2025-03-31T20:30:00-04:00,AS,post_breakout,short,5632.25,5633.0,5629.875,3.1666666666666665,first break true + confirm,THEN expect rotation toward 5629.88.,"IF price breaks 5633.00, THEN short thesis invalid.",False,session,target,5629.875,False
1744209000,2025-04-09T10:30:00-04:00,RS,post_breakout,long,5040.0,5039.25,5050.0,-1.0,first break true + confirm,THEN expect rotation toward 5050.00.,"IF price breaks 5039.25, THEN long thesis invalid.",False,1h,stop,5039.25,True
1744209000,2025-04-09T10:30:00-04:00,RS,post_breakout,long,5040.0,5039.25,5050.0,-1.0,first break true + confirm,THEN expect rotation toward 5050.00.,"IF price breaks 5039.25, THEN long thesis invalid.",False,2h,stop,5039.25,True
1744209000,2025-04-09T10:30:00-04:00,RS,post_breakout,long,5040.0,5039.25,5050.0,-1.0,first break true + confirm,THEN expect rotation toward 5050.00.,"IF price breaks 5039.25, THEN long thesis invalid.",False,4h,stop,5039.25,True
1744209000,2025-04-09T10:30:00-04:00,RS,post_breakout,long,5040.0,5039.25,5050.0,-1.0,first break true + confirm,THEN expect rotation toward 5050.00.,"IF price breaks 5039.25, THEN long thesis invalid.",False,session,stop,5039.25,True
1744295400,2025-04-10T10:30:00-04:00,RS,post_breakout,short,5334.5,5353.125,4980.0,-1.0,perfect rejection + box down,THEN expect rotation toward 4980.00.,"IF price breaks 5353.12, THEN short thesis invalid.",False,1h,stop,5353.125,False
1744295400,2025-04-10T10:30:00-04:00,RS,post_breakout,short,5334.5,5353.125,4980.0,-1.0,perfect rejection + box down,THEN expect rotation toward 4980.00.,"IF price breaks 5353.12, THEN short thesis invalid.",False,2h,stop,5353.125,False
1744295400,2025-04-10T10:30:00-04:00,RS,post_breakout,short,5334.5,5353.125,4980.0,-1.0,perfect rejection + box down,THEN expect rotation toward 4980.00.,"IF price breaks 5353.12, THEN short thesis invalid.",False,4h,stop,5353.125,False
1744295400,2025-04-10T10:30:00-04:00,RS,post_breakout,short,5334.5,5353.125,4980.0,-1.0,perfect rejection + box down,THEN expect rotation toward 4980.00.,"IF price breaks 5353.12, THEN short thesis invalid.",False,session,stop,5353.125,False
1745937000,2025-04-29T10:30:00-04:00,RS,post_breakout,long,5541.25,5536.0,5578.75,2.7142857142857144,perfect rejection + box up,THEN expect rotation toward 5578.75.,"IF price breaks 5536.00, THEN long thesis invalid.",False,1h,timeout,5555.5,False
1745937000,2025-04-29T10:30:00-04:00,RS,post_breakout,long,5541.25,5536.0,5578.75,6.095238095238095,perfect rejection + box up,THEN expect rotation toward 5578.75.,"IF price breaks 5536.00, THEN long thesis invalid.",False,2h,timeout,5573.25,False
1745937000,2025-04-29T10:30:00-04:00,RS,post_breakout,long,5541.25,5536.0,5578.75,7.142857142857143,perfect rejection + box up,THEN expect rotation toward 5578.75.,"IF price breaks 5536.00, THEN long thesis invalid.",False,4h,target,5578.75,False
1745937000,2025-04-29T10:30:00-04:00,RS,post_breakout,long,5541.25,5536.0,5578.75,7.142857142857143,perfect rejection + box up,THEN expect rotation toward 5578.75.,"IF price breaks 5536.00, THEN long thesis invalid.",False,session,target,5578.75,False
1746714600,2025-05-08T10:30:00-04:00,RS,post_breakout,short,5680.75,5681.75,5676.25,-1.0,perfect rejection + box down,THEN expect rotation toward 5676.25.,"IF price breaks 5681.75, THEN short thesis invalid.",False,1h,stop,5681.75,True
1746714600,2025-05-08T10:30:00-04:00,RS,post_breakout,short,5680.75,5681.75,5676.25,-1.0,perfect rejection + box down,THEN expect rotation toward 5676.25.,"IF price breaks 5681.75, THEN short thesis invalid.",False,2h,stop,5681.75,True
1746714600,2025-05-08T10:30:00-04:00,RS,post_breakout,short,5680.75,5681.75,5676.25,-1.0,perfect rejection + box down,THEN expect rotation toward 5676.25.,"IF price breaks 5681.75, THEN short thesis invalid.",False,4h,stop,5681.75,True
1746714600,2025-05-08T10:30:00-04:00,RS,post_breakout,short,5680.75,5681.75,5676.25,-1.0,perfect rejection + box down,THEN expect rotation toward 5676.25.,"IF price breaks 5681.75, THEN short thesis invalid.",False,session,stop,5681.75,True
1748356200,2025-05-27T10:30:00-04:00,RS,post_breakout,long,5903.75,5903.25,5907.75,-1.0,perfect rejection + box up,THEN expect rotation toward 5907.75.,"IF price breaks 5903.25, THEN long thesis invalid.",False,1h,stop,5903.25,False
1748356200,2025-05-27T10:30:00-04:00,RS,post_breakout,long,5903.75,5903.25,5907.75,-1.0,perfect rejection + box up,THEN expect rotation toward 5907.75.,"IF price breaks 5903.25, THEN long thesis invalid.",False,2h,stop,5903.25,False
1748356200,2025-05-27T10:30:00-04:00,RS,post_breakout,long,5903.75,5903.25,5907.75,-1.0,perfect rejection + box up,THEN expect rotation toward 5907.75.,"IF price breaks 5903.25, THEN long thesis invalid.",False,4h,stop,5903.25,False
1748356200,2025-05-27T10:30:00-04:00,RS,post_breakout,long,5903.75,5903.25,5907.75,-1.0,perfect rejection + box up,THEN expect rotation toward 5907.75.,"IF price breaks 5903.25, THEN long thesis invalid.",False,session,stop,5903.25,False
1750689000,2025-06-23T10:30:00-04:00,RS,post_breakout,long,6051.0,6050.25,6071.0,-1.0,first break true + confirm,THEN expect rotation toward 6071.00.,"IF price breaks 6050.25, THEN long thesis invalid.",False,1h,stop,6050.25,False
1750689000,2025-06-23T10:30:00-04:00,RS,post_breakout,long,6051.0,6050.25,6071.0,-1.0,first break true + confirm,THEN expect rotation toward 6071.00.,"IF price breaks 6050.25, THEN long thesis invalid.",False,2h,stop,6050.25,False
1750689000,2025-06-23T10:30:00-04:00,RS,post_breakout,long,6051.0,6050.25,6071.0,-1.0,first break true + confirm,THEN expect rotation toward 6071.00.,"IF price breaks 6050.25, THEN long thesis invalid.",False,4h,stop,6050.25,False
1750689000,2025-06-23T10:30:00-04:00,RS,post_breakout,long,6051.0,6050.25,6071.0,-1.0,first break true + confirm,THEN expect rotation toward 6071.00.,"IF price breaks 6050.25, THEN long thesis invalid.",False,session,stop,6050.25,False
1751898600,2025-07-07T10:30:00-04:00,RS,post_breakout,short,6299.0,6299.75,6279.25,15.0,first break true + confirm,THEN expect rotation toward 6279.25.,"IF price breaks 6299.75, THEN short thesis invalid.",False,1h,timeout,6287.75,False
1751898600,2025-07-07T10:30:00-04:00,RS,post_breakout,short,6299.0,6299.75,6279.25,26.333333333333332,first break true + confirm,THEN expect rotation toward 6279.25.,"IF price breaks 6299.75, THEN short thesis invalid.",False,2h,target,6279.25,False
1751898600,2025-07-07T10:30:00-04:00,RS,post_breakout,short,6299.0,6299.75,6279.25,26.333333333333332,first break true + confirm,THEN expect rotation toward 6279.25.,"IF price breaks 6299.75, THEN short thesis invalid.",False,4h,target,6279.25,False
1751898600,2025-07-07T10:30:00-04:00,RS,post_breakout,short,6299.0,6299.75,6279.25,26.333333333333332,first break true + confirm,THEN expect rotation toward 6279.25.,"IF price breaks 6299.75, THEN short thesis invalid.",False,session,target,6279.25,False
1752157800,2025-07-10T10:30:00-04:00,RS,post_breakout,short,6303.25,6304.0,6276.0,-1.0,perfect rejection + box down,THEN expect rotation toward 6276.00.,"IF price breaks 6304.00, THEN short thesis invalid.",False,1h,stop,6304.0,False
1752157800,2025-07-10T10:30:00-04:00,RS,post_breakout,short,6303.25,6304.0,6276.0,-1.0,perfect rejection + box down,THEN expect rotation toward 6276.00.,"IF price breaks 6304.00, THEN short thesis invalid.",False,2h,stop,6304.0,False
1752157800,2025-07-10T10:30:00-04:00,RS,post_breakout,short,6303.25,6304.0,6276.0,-1.0,perfect rejection + box down,THEN expect rotation toward 6276.00.,"IF price breaks 6304.00, THEN short thesis invalid.",False,4h,stop,6304.0,False
1752157800,2025-07-10T10:30:00-04:00,RS,post_breakout,short,6303.25,6304.0,6276.0,-1.0,perfect rejection + box down,THEN expect rotation toward 6276.00.,"IF price breaks 6304.00, THEN short thesis invalid.",False,session,stop,6304.0,False
1752762600,2025-07-17T10:30:00-04:00,RS,post_breakout,long,6315.0,6314.25,6323.25,-1.0,first break true + confirm,THEN expect rotation toward 6323.25.,"IF price breaks 6314.25, THEN long thesis invalid.",False,1h,stop,6314.25,False
1752762600,2025-07-17T10:30:00-04:00,RS,post_breakout,long,6315.0,6314.25,6323.25,-1.0,first break true + confirm,THEN expect rotation toward 6323.25.,"IF price breaks 6314.25, THEN long thesis invalid.",False,2h,stop,6314.25,False
1752762600,2025-07-17T10:30:00-04:00,RS,post_breakout,long,6315.0,6314.25,6323.25,-1.0,first break true + confirm,THEN expect rotation toward 6323.25.,"IF price breaks 6314.25, THEN long thesis invalid.",False,4h,stop,6314.25,False
1752762600,2025-07-17T10:30:00-04:00,RS,post_breakout,long,6315.0,6314.25,6323.25,-1.0,first break true + confirm,THEN expect rotation toward 6323.25.,"IF price breaks 6314.25, THEN long thesis invalid.",False,session,stop,6314.25,False
1752849000,2025-07-18T10:30:00-04:00,RS,post_breakout,short,6332.25,6333.0,6302.0,-1.0,first break true + confirm,THEN expect rotation toward 6302.00.,"IF price breaks 6333.00, THEN short thesis invalid.",False,1h,stop,6333.0,False
1752849000,2025-07-18T10:30:00-04:00,RS,post_breakout,short,6332.25,6333.0,6302.0,-1.0,first break true + confirm,THEN expect rotation toward 6302.00.,"IF price breaks 6333.00, THEN short thesis invalid.",False,2h,stop,6333.0,False
1752849000,2025-07-18T10:30:00-04:00,RS,post_breakout,short,6332.25,6333.0,6302.0,-1.0,first break true + confirm,THEN expect rotation toward 6302.00.,"IF price breaks 6333.00, THEN short thesis invalid.",False,4h,stop,6333.0,False
1752849000,2025-07-18T10:30:00-04:00,RS,post_breakout,short,6332.25,6333.0,6302.0,-1.0,first break true + confirm,THEN expect rotation toward 6302.00.,"IF price breaks 6333.00, THEN short thesis invalid.",False,session,stop,6333.0,False
1753799400,2025-07-29T10:30:00-04:00,RS,post_breakout,short,6430.75,6431.5,6408.75,29.333333333333332,perfect rejection + box down,THEN expect rotation toward 6408.75.,"IF price breaks 6431.50, THEN short thesis invalid.",False,1h,target,6408.75,False
1753799400,2025-07-29T10:30:00-04:00,RS,post_breakout,short,6430.75,6431.5,6408.75,29.333333333333332,perfect rejection + box down,THEN expect rotation toward 6408.75.,"IF price breaks 6431.50, THEN short thesis invalid.",False,2h,target,6408.75,False
1753799400,2025-07-29T10:30:00-04:00,RS,post_breakout,short,6430.75,6431.5,6408.75,29.333333333333332,perfect rejection + box down,THEN expect rotation toward 6408.75.,"IF price breaks 6431.50, THEN short thesis invalid.",False,4h,target,6408.75,False
1753799400,2025-07-29T10:30:00-04:00,RS,post_breakout,short,6430.75,6431.5,6408.75,29.333333333333332,perfect rejection + box down,THEN expect rotation toward 6408.75.,"IF price breaks 6431.50, THEN short thesis invalid.",False,session,target,6408.75,False
1753885800,2025-07-30T10:30:00-04:00,RS,post_breakout,long,6415.75,6412.25,6440.0,-1.0,first break true + confirm,THEN expect rotation toward 6440.00.,"IF price breaks 6412.25, THEN long thesis invalid.",False,1h,stop,6412.25,False
1753885800,2025-07-30T10:30:00-04:00,RS,post_breakout,long,6415.75,6412.25,6440.0,-1.0,first break true + confirm,THEN expect rotation toward 6440.00.,"IF price breaks 6412.25, THEN long thesis invalid.",False,2h,stop,6412.25,False
1753885800,2025-07-30T10:30:00-04:00,RS,post_breakout,long,6415.75,6412.25,6440.0,-1.0,first break true + confirm,THEN expect rotation toward 6440.00.,"IF price breaks 6412.25, THEN long thesis invalid.",False,4h,stop,6412.25,False
1753885800,2025-07-30T10:30:00-04:00,RS,post_breakout,long,6415.75,6412.25,6440.0,-1.0,first break true + confirm,THEN expect rotation toward 6440.00.,"IF price breaks 6412.25, THEN long thesis invalid.",False,session,stop,6412.25,False
1754058600,2025-08-01T10:30:00-04:00,RS,post_breakout,short,6281.0,6281.5,6274.125,-1.0,first break true + confirm,THEN expect rotation toward 6274.12.,"IF price breaks 6281.50, THEN short thesis invalid.",False,1h,stop,6281.5,False
1754058600,2025-08-01T10:30:00-04:00,RS,post_breakout,short,6281.0,6281.5,6274.125,-1.0,first break true + confirm,THEN expect rotation toward 6274.12.,"IF price breaks 6281.50, THEN short thesis invalid.",False,2h,stop,6281.5,False
1754058600,2025-08-01T10:30:00-04:00,RS,post_breakout,short,6281.0,6281.5,6274.125,-1.0,first break true + confirm,THEN expect rotation toward 6274.12.,"IF price breaks 6281.50, THEN short thesis invalid.",False,4h,stop,6281.5,False
1754058600,2025-08-01T10:30:00-04:00,RS,post_breakout,short,6281.0,6281.5,6274.125,-1.0,first break true + confirm,THEN expect rotation toward 6274.12.,"IF price breaks 6281.50, THEN short thesis invalid.",False,session,stop,6281.5,False
