ts,timestamp,symbol,session,archetype,direction,entry,stop,target,risk,reward,r_multiple,confidence,reasons,day_date,horizon,outcome,exit_price,ambiguous,month
1452589200,2016-01-12 04:00:00,ES,OS,wddrb_sigma_distribution,long,1909.0,1907.0,1929.0,2.0,20.0,10.0,0.55,"['wddrb_mid_sigma', 'cluster_near_darkpool']",2016-01-12,session,target,1929.0,False,2016-01
1452612600,2016-01-12 10:30:00,ES,RS,wddrb_sigma_distribution,short,1929.5,1931.875,1915.125,2.375,14.375,6.052631578947368,0.6,['wddrb_mid_sigma'],2016-01-12,session,target,1915.125,False,2016-01
1453991400,2016-01-28 09:30:00,ES,RR,cluster_rejection_fade,short,1895.0,1897.0,1889.875,2.0,5.125,2.5625,0.65,"['rejection_bias', 'cluster_confluence', 'cluster_near_darkpool']",2016-01-28,session,target,1889.875,False,2016-01
1452177000,2016-01-07 09:30:00,ES,RR,wddrb_sigma_distribution,long,1946.0,1944.0,1949.0,2.0,3.0,1.5,0.6000000000000001,"['wddrb_mid_sigma', 'model_up_bias', 'cluster_near_monthly']",2016-01-07,session,target,1949.0,False,2016-01
1453127400,2016-01-18 09:30:00,ES,RR,wddrb_sigma_distribution,long,1868.75,1866.75,1871.5,2.0,2.75,1.375,0.65,"['wddrb_mid_sigma', 'cluster_near_darkpool']",2016-01-18,session,target,1871.5,False,2016-01
1451930400,2016-01-04 13:00:00,ES,RS,wddrb_sigma_distribution,short,1994.25,1990.625,1969.875,3.625,24.375,1.0,0.55,"['wddrb_mid_sigma', 'model_down_bias']",2016-01-04,session,stop,1990.625,False,2016-01
1451940300,2016-01-04 15:45:00,ES,RS,wddrb_sigma_distribution,short,2000.5,1990.75,1969.75,9.75,30.75,1.0,0.55,"['wddrb_mid_sigma', 'model_down_bias']",2016-01-04,session,stop,1990.75,False,2016-01
1452502800,2016-01-11 04:00:00,ES,OS,wddrb_sigma_distribution,long,1922.75,1931.625,1953.25,8.875,30.5,1.0,0.55,"['wddrb_mid_sigma', 'model_up_bias']",2016-01-11,session,stop,1931.625,False,2016-01
1453217400,2016-01-19 10:30:00,ES,RS,wddrb_sigma_distribution,short,1891.5,1886.75,1869.25,4.75,22.25,1.0,0.55,"['wddrb_mid_sigma', 'model_down_bias']",2016-01-19,session,stop,1886.75,False,2016-01
1453366800,2016-01-21 04:00:00,ES,OS,wddrb_sigma_distribution,short,1838.75,1836.75,1771.75,2.0,67.0,1.0,0.55,"['wddrb_mid_sigma', 'model_down_bias']",2016-01-21,session,stop,1836.75,False,2016-01
1453477800,2016-01-22 10:50:00,ES,RS,wddrb_sigma_distribution,long,1890.5,1893.625,1900.25,3.125,9.75,1.0,0.55,"['wddrb_mid_sigma', 'model_up_bias']",2016-01-22,session,stop,1893.625,False,2016-01
1453477200,2016-01-22 10:40:00,ES,RS,wddrb_sigma_distribution,long,1893.75,1891.75,1900.25,2.0,6.5,-1.0,0.7000000000000001,"['wddrb_mid_sigma', 'model_up_bias', 'cluster_near_weekly']",2016-01-22,session,stop,1891.75,False,2016-01
1453971600,2016-01-28 04:00:00,ES,OS,wddrb_sigma_distribution,long,1889.0,1887.0,1910.0,2.0,21.0,-1.0,0.7000000000000001,"['wddrb_mid_sigma', 'model_up_bias', 'cluster_near_weekly']",2016-01-28,session,stop,1887.0,False,2016-01
1452695400,2016-01-13 09:30:00,ES,RR,wddrb_sigma_distribution,short,1939.75,1941.75,1935.375,2.0,4.375,-1.0,0.65,"['wddrb_mid_sigma', 'cluster_near_weekly']",2016-01-13,session,stop,1941.75,False,2016-01
1453732200,2016-01-25 09:30:00,ES,RR,wddrb_sigma_distribution,long,1892.75,1890.75,1895.5,2.0,2.75,-1.0,0.65,"['wddrb_mid_sigma', 'cluster_near_weekly']",2016-01-25,session,stop,1890.75,False,2016-01
1453905000,2016-01-27 09:30:00,ES,RR,wddrb_sigma_distribution,short,1887.75,1889.75,1885.625,2.0,2.125,-1.0,0.6,['wddrb_mid_sigma'],2016-01-27,session,stop,1889.75,False,2016-01
1454077800,2016-01-29 09:30:00,ES,RR,wddrb_sigma_distribution,short,1895.5,1897.5,1891.375,2.0,4.125,-1.0,0.6,['wddrb_mid_sigma'],2016-01-29,session,stop,1897.5,False,2016-01
1452004200,2016-01-05 09:30:00,ES,RR,wddrb_sigma_distribution,long,2009.25,2007.25,2013.0,2.0,3.75,-1.0,0.55,"['wddrb_mid_sigma', 'model_up_bias']",2016-01-05,session,stop,2007.25,False,2016-01
1452090600,2016-01-06 09:30:00,ES,RR,wddrb_sigma_distribution,long,1979.0,1977.0,1982.0,2.0,3.0,-1.0,0.55,"['wddrb_mid_sigma', 'model_up_bias']",2016-01-06,session,stop,1977.0,True,2016-01
1452873300,2016-01-15 10:55:00,ES,RS,wddrb_sigma_distribution,long,1869.75,1867.75,1882.0,2.0,12.25,-1.0,0.55,"['wddrb_mid_sigma', 'cluster_near_darkpool']",2016-01-15,session,stop,1867.75,False,2016-01
1452880200,2016-01-15 12:50:00,ES,RS,wddrb_sigma_distribution,short,1859.75,1865.625,1832.875,5.875,26.875,-1.0,0.55,"['wddrb_mid_sigma', 'model_down_bias']",2016-01-15,session,stop,1865.625,False,2016-01
1453712400,2016-01-25 04:00:00,ES,OS,wddrb_sigma_distribution,short,1888.5,1892.75,1873.75,4.25,14.75,-1.0,0.55,"['wddrb_mid_sigma', 'model_down_bias']",2016-01-25,session,stop,1892.75,False,2016-01
1453819800,2016-01-26 09:50:00,ES,RR,wddrb_sigma_distribution,short,1876.75,1880.125,1868.875,3.375,7.875,-1.0,0.55,"['wddrb_mid_sigma', 'cluster_near_weekly']",2016-01-26,session,stop,1880.125,False,2016-01
1454945400,2016-02-08 10:30:00,ES,RS,wddrb_sigma_distribution,short,1842.25,1844.25,1823.625,2.0,18.625,9.3125,0.55,"['wddrb_mid_sigma', 'model_down_bias']",2016-02-08,session,target,1823.625,False,2016-02
1454429400,2016-02-02 11:10:00,ES,RS,wddrb_sigma_distribution,short,1909.5,1911.5,1894.875,2.0,14.625,7.3125,0.55,"['wddrb_mid_sigma', 'model_down_bias']",2016-02-02,session,target,1894.875,False,2016-02
1455809400,2016-02-18 10:30:00,ES,RS,wddrb_sigma_distribution,short,1922.25,1924.25,1913.5,2.0,8.75,4.375,0.6,['wddrb_mid_sigma'],2016-02-18,session,target,1913.5,False,2016-02
1456410600,2016-02-25 09:30:00,ES,RR,cluster_rejection_fade,short,1935.5,1937.5,1927.75,2.0,7.75,3.875,0.65,"['rejection_bias', 'cluster_confluence', 'cluster_near_weekly']",2016-02-25,session,target,1927.75,False,2016-02
1454686200,2016-02-05 10:30:00,ES,RS,wddrb_sigma_distribution,short,1887.75,1895.0,1874.5,7.25,13.25,1.827586206896552,0.55,"['wddrb_mid_sigma', 'model_down_bias']",2016-02-05,session,target,1874.5,False,2016-02
1456761300,2016-02-29 10:55:00,ES,RS,wddrb_sigma_distribution,short,1947.25,1944.5,1937.5,2.75,9.75,1.0,0.65,"['wddrb_mid_sigma', 'cluster_near_darkpool']",2016-02-29,session,stop,1944.5,False,2016-02
1456757400,2016-02-29 09:50:00,ES,RR,cluster_rejection_fade,short,1947.5,1944.375,1937.625,3.125,9.875,1.0,0.65,"['rejection_bias', 'cluster_confluence', 'cluster_near_darkpool']",2016-02-29,session,stop,1944.375,False,2016-02
1454340900,2016-02-01 10:35:00,ES,RS,wddrb_sigma_distribution,short,1919.75,1917.75,1907.25,2.0,12.5,1.0,0.6000000000000001,"['wddrb_mid_sigma', 'model_down_bias']",2016-02-01,session,stop,1917.75,False,2016-02
1455028200,2016-02-09 09:30:00,ES,RR,wddrb_sigma_distribution,short,1831.0,1828.875,1822.625,2.125,8.375,1.0,0.6000000000000001,"['wddrb_mid_sigma', 'cluster_near_weekly']",2016-02-09,session,stop,1828.875,False,2016-02
1456390800,2016-02-25 04:00:00,ES,OS,wddrb_sigma_distribution,short,1924.75,1908.0,1865.5,16.75,59.25,1.0,0.6000000000000001,"['wddrb_mid_sigma', 'model_down_bias', 'cluster_near_weekly']",2016-02-25,session,stop,1908.0,False,2016-02
1454590500,2016-02-04 07:55:00,ES,OS,wddrb_sigma_distribution,short,1903.25,1888.625,1841.375,14.625,61.875,1.0,0.55,"['wddrb_mid_sigma', 'cluster_near_weekly']",2016-02-04,session,stop,1888.625,False,2016-02
1455805800,2016-02-18 09:30:00,ES,RR,wddrb_sigma_distribution,long,1921.75,1924.125,1927.0,2.375,5.25,1.0,0.55,['wddrb_mid_sigma'],2016-02-18,session,stop,1924.125,False,2016-02
1454597100,2016-02-04 09:45:00,ES,RR,wddrb_sigma_distribution,long,1901.0,1899.0,1908.0,2.0,7.0,-1.0,0.65,"['wddrb_mid_sigma', 'cluster_near_weekly']",2016-02-04,session,stop,1899.0,False,2016-02
1456238400,2016-02-23 09:40:00,ES,RR,cluster_rejection_fade,short,1935.0,1937.0,1929.125,2.0,5.875,-1.0,0.65,"['rejection_bias', 'cluster_confluence', 'cluster_near_weekly']",2016-02-23,session,stop,1937.0,False,2016-02
1456327800,2016-02-24 10:30:00,ES,RS,wddrb_sigma_distribution,short,1891.75,1893.75,1879.875,2.0,11.875,-1.0,0.65,"['wddrb_mid_sigma', 'model_down_bias']",2016-02-24,session,stop,1893.75,False,2016-02
1456328400,2016-02-24 10:40:00,ES,RS,cluster_rejection_fade,long,1895.75,1893.625,1900.5,2.125,4.75,-1.0,0.65,"['rejection_bias', 'cluster_confluence', 'cluster_near_monthly']",2016-02-24,session,stop,1893.625,False,2016-02
1456500600,2016-02-26 10:30:00,ES,RS,wddrb_sigma_distribution,short,1954.5,1956.5,1943.375,2.0,11.125,-1.0,0.65,"['wddrb_mid_sigma', 'model_down_bias']",2016-02-26,session,stop,1956.5,False,2016-02
1455719400,2016-02-17 09:30:00,ES,RR,wddrb_sigma_distribution,short,1907.5,1909.5,1903.125,2.0,4.375,-1.0,0.6,['wddrb_mid_sigma'],2016-02-17,session,stop,1909.5,False,2016-02
1455720300,2016-02-17 09:45:00,ES,RR,wddrb_sigma_distribution,short,1905.25,1907.875,1900.125,2.625,5.125,-1.0,0.6,['wddrb_mid_sigma'],2016-02-17,session,stop,1907.875,False,2016-02
1454340600,2016-02-01 10:30:00,ES,RS,wddrb_sigma_distribution,short,1917.75,1919.75,1907.25,2.0,10.5,-1.0,0.55,"['wddrb_mid_sigma', 'model_down_bias']",2016-02-01,session,stop,1919.75,False,2016-02
1454427000,2016-02-02 10:30:00,ES,RS,wddrb_sigma_distribution,short,1904.25,1907.625,1894.875,3.375,9.375,-1.0,0.55,"['wddrb_mid_sigma', 'model_down_bias']",2016-02-02,session,stop,1907.625,False,2016-02
1454490000,2016-02-03 04:00:00,ES,OS,wddrb_sigma_distribution,long,1904.75,1901.5,1914.0,3.25,9.25,-1.0,0.55,"['wddrb_mid_sigma', 'model_up_bias']",2016-02-03,session,stop,1901.5,False,2016-02
1455637200,2016-02-16 10:40:00,ES,RS,wddrb_sigma_distribution,short,1879.5,1881.5,1866.5,2.0,13.0,-1.0,0.55,"['wddrb_mid_sigma', 'model_down_bias']",2016-02-16,session,stop,1881.5,False,2016-02
1455636600,2016-02-16 10:30:00,ES,RS,wddrb_sigma_distribution,short,1878.0,1880.0,1866.5,2.0,11.5,-1.0,0.55,"['wddrb_mid_sigma', 'model_down_bias']",2016-02-16,session,stop,1880.0,False,2016-02
1456500900,2016-02-26 10:35:00,ES,RS,wddrb_sigma_distribution,short,1956.75,1958.75,1943.375,2.0,13.375,-1.0,0.55,"['wddrb_mid_sigma', 'model_down_bias']",2016-02-26,session,stop,1958.75,False,2016-02
1458744300,2016-03-23 10:45:00,ES,RS,wddrb_sigma_distribution,short,2036.5,2038.5,2028.0,2.0,8.5,4.25,0.7000000000000001,"['wddrb_mid_sigma', 'model_down_bias', 'cluster_near_darkpool']",2016-03-23,session,target,2028.0,False,2016-03
1458311700,2016-03-18 10:35:00,ES,RS,wddrb_sigma_distribution,long,2036.75,2034.75,2040.75,2.0,4.0,2.0,0.6000000000000001,"['wddrb_mid_sigma', 'model_up_bias', 'cluster_near_darkpool']",2016-03-18,session,target,2040.75,False,2016-03
1459434600,2016-03-31 10:30:00,ES,RS,wddrb_sigma_distribution,long,2056.0,2054.0,2059.25,2.0,3.25,1.625,0.55,"['wddrb_mid_sigma', 'model_up_bias']",2016-03-31,session,target,2059.25,False,2016-03
1459258500,2016-03-29 09:35:00,ES,RR,cluster_rejection_fade,long,2021.0,2019.0,2023.5,2.0,2.5,1.25,0.65,"['rejection_bias', 'cluster_confluence', 'cluster_near_weekly']",2016-03-29,session,target,2023.5,False,2016-03
1458221700,2016-03-17 09:35:00,ES,RR,wddrb_sigma_distribution,short,2015.5,2017.5,2013.25,2.0,2.25,1.125,0.55,['wddrb_mid_sigma'],2016-03-17,session,target,2013.25,False,2016-03
1459183500,2016-03-28 12:45:00,ES,RS,wddrb_sigma_distribution,short,2031.5,2027.25,2016.75,4.25,14.75,1.0,0.7000000000000001,"['wddrb_mid_sigma', 'model_down_bias', 'cluster_near_darkpool']",2016-03-28,session,stop,2027.25,False,2016-03
1457101800,2016-03-04 09:30:00,ES,RR,wddrb_sigma_distribution,long,1990.5,1992.875,1995.25,2.375,4.75,1.0,0.65,"['wddrb_mid_sigma', 'cluster_near_darkpool']",2016-03-04,session,stop,1992.875,False,2016-03
1458552600,2016-03-21 05:30:00,ES,OS,wddrb_sigma_distribution,short,2040.75,2037.875,2028.125,2.875,12.625,1.0,0.65,"['wddrb_mid_sigma', 'model_down_bias']",2016-03-21,session,stop,2037.875,False,2016-03
1459446000,2016-03-31 13:40:00,ES,RS,wddrb_sigma_distribution,long,2054.5,2057.0,2059.75,2.5,5.25,1.0,0.65,"['wddrb_mid_sigma', 'model_up_bias']",2016-03-31,session,stop,2057.0,False,2016-03
1456822800,2016-03-01 04:00:00,ES,OS,wddrb_sigma_distribution,long,1939.0,1942.0,1956.25,3.0,17.25,1.0,0.6000000000000001,"['wddrb_mid_sigma', 'model_up_bias', 'cluster_near_weekly']",2016-03-01,session,stop,1942.0,False,2016-03
1458321000,2016-03-18 13:10:00,ES,RS,wddrb_sigma_distribution,long,2035.75,2038.5,2042.75,2.75,7.0,1.0,0.6000000000000001,"['wddrb_mid_sigma', 'model_up_bias', 'cluster_near_darkpool']",2016-03-18,session,stop,2038.5,False,2016-03
1459185000,2016-03-28 13:10:00,ES,RS,wddrb_sigma_distribution,short,2030.5,2027.25,2016.75,3.25,13.75,1.0,0.6000000000000001,"['wddrb_mid_sigma', 'model_down_bias', 'cluster_near_weekly']",2016-03-28,session,stop,2027.25,False,2016-03
1457946000,2016-03-14 05:00:00,ES,OS,wddrb_sigma_distribution,short,2008.75,2013.75,1996.75,5.0,12.0,0.5,0.65,"['wddrb_mid_sigma', 'model_down_bias']",2016-03-14,session,timeout,2006.25,False,2016-03
1457949000,2016-03-14 05:50:00,ES,OS,wddrb_sigma_distribution,short,2006.5,2013.75,1996.75,7.25,9.75,0.0344827586206896,0.55,"['wddrb_mid_sigma', 'model_down_bias']",2016-03-14,session,timeout,2006.25,False,2016-03
1458551100,2016-03-21 05:05:00,ES,OS,wddrb_sigma_distribution,short,2038.0,2040.0,2028.125,2.0,9.875,-1.0,0.7000000000000001,"['wddrb_mid_sigma', 'model_down_bias', 'cluster_near_darkpool']",2016-03-21,session,stop,2040.0,False,2016-03
1458639300,2016-03-22 05:35:00,ES,OS,cluster_rejection_fade,long,2038.25,2036.25,2044.5,2.0,6.25,-1.0,0.7000000000000001,"['rejection_bias', 'cluster_confluence', 'model_up_bias', 'cluster_near_weekly']",2016-03-22,session,stop,2036.25,False,2016-03
1459238400,2016-03-29 04:00:00,ES,OS,wddrb_sigma_distribution,long,2029.5,2027.5,2034.0,2.0,4.5,-1.0,0.65,"['wddrb_mid_sigma', 'model_up_bias']",2016-03-29,session,stop,2027.5,False,2016-03
1458633600,2016-03-22 04:00:00,ES,OS,wddrb_sigma_distribution,short,2035.0,2038.625,2026.875,3.625,8.125,-1.0,0.6000000000000001,"['wddrb_mid_sigma', 'model_down_bias', 'cluster_near_darkpool']",2016-03-22,session,stop,2038.625,False,2016-03
1457015700,2016-03-03 09:35:00,ES,RR,wddrb_sigma_distribution,long,1978.75,1976.75,1982.25,2.0,3.5,-1.0,0.6,['wddrb_mid_sigma'],2016-03-03,session,stop,1976.75,False,2016-03
1457361000,2016-03-07 09:30:00,ES,RR,wddrb_sigma_distribution,short,1987.5,1989.5,1984.75,2.0,2.75,-1.0,0.6,['wddrb_mid_sigma'],2016-03-07,session,stop,1989.5,False,2016-03
1456843200,2016-03-01 09:40:00,ES,RR,wddrb_sigma_distribution,short,1941.75,1943.75,1934.5,2.0,7.25,-1.0,0.55,"['wddrb_mid_sigma', 'cluster_near_darkpool']",2016-03-01,session,stop,1943.75,False,2016-03
1457537400,2016-03-09 10:30:00,ES,RS,wddrb_sigma_distribution,short,1987.0,1989.0,1978.375,2.0,8.625,-1.0,0.55,"['wddrb_mid_sigma', 'cluster_near_weekly']",2016-03-09,session,stop,1989.0,False,2016-03
1458743400,2016-03-23 10:30:00,ES,RS,wddrb_sigma_distribution,short,2033.5,2035.5,2028.375,2.0,5.125,-1.0,0.55,"['wddrb_mid_sigma', 'model_down_bias']",2016-03-23,session,stop,2035.5,False,2016-03
1459344600,2016-03-30 09:30:00,ES,RR,wddrb_sigma_distribution,short,2057.0,2059.0,2054.5,2.0,2.5,-1.0,0.55,['wddrb_mid_sigma'],2016-03-30,session,stop,2059.0,False,2016-03
1461249300,2016-04-21 10:35:00,ES,RS,wddrb_sigma_distribution,short,2095.75,2097.75,2084.625,2.0,11.125,5.5625,0.55,"['wddrb_mid_sigma', 'model_down_bias']",2016-04-21,session,target,2084.625,False,2016-04
1460039400,2016-04-07 10:30:00,ES,RS,wddrb_sigma_distribution,short,2041.5,2045.375,2034.125,3.875,7.375,1.903225806451613,0.7000000000000001,"['wddrb_mid_sigma', 'model_down_bias', 'cluster_near_monthly']",2016-04-07,session,target,2034.125,False,2016-04
1460467800,2016-04-12 09:30:00,ES,RR,wddrb_sigma_distribution,long,2036.5,2034.5,2040.0,2.0,3.5,1.75,0.6,['wddrb_mid_sigma'],2016-04-12,session,target,2040.0,False,2016-04
1459517400,2016-04-01 09:30:00,ES,RR,wddrb_sigma_distribution,short,2038.25,2040.25,2035.375,2.0,2.875,1.4375,0.6,['wddrb_mid_sigma'],2016-04-01,session,target,2035.375,False,2016-04
1460381400,2016-04-11 09:30:00,ES,RR,wddrb_sigma_distribution,long,2048.25,2046.25,2051.0,2.0,2.75,1.375,0.65,"['wddrb_mid_sigma', 'cluster_near_weekly']",2016-04-11,session,target,2051.0,False,2016-04
1459949700,2016-04-06 09:35:00,ES,RR,wddrb_sigma_distribution,long,2037.0,2039.125,2041.75,2.125,4.75,1.0,0.65,"['wddrb_mid_sigma', 'cluster_near_weekly']",2016-04-06,session,stop,2039.125,False,2016-04
1460036700,2016-04-07 09:45:00,ES,RR,cluster_rejection_fade,long,2045.75,2047.875,2050.25,2.125,4.5,1.0,0.65,"['rejection_bias', 'cluster_confluence', 'cluster_near_weekly']",2016-04-07,session,stop,2047.875,False,2016-04
1460102400,2016-04-08 04:00:00,ES,OS,cluster_rejection_fade,short,2048.25,2038.5,2013.5,9.75,34.75,1.0,0.65,"['rejection_bias', 'cluster_confluence', 'cluster_near_weekly']",2016-04-08,session,stop,2038.5,False,2016-04
1460558100,2016-04-13 10:35:00,ES,RS,wddrb_sigma_distribution,long,2065.0,2067.25,2070.5,2.25,5.5,1.0,0.65,"['wddrb_mid_sigma', 'model_up_bias']",2016-04-13,session,stop,2067.25,False,2016-04
1461578100,2016-04-25 05:55:00,ES,OS,wddrb_sigma_distribution,short,2085.0,2082.0,2068.0,3.0,17.0,1.0,0.65,"['wddrb_mid_sigma', 'model_down_bias']",2016-04-25,session,stop,2082.0,False,2016-04
1461164700,2016-04-20 11:05:00,ES,RS,wddrb_sigma_distribution,short,2095.5,2093.0,2086.0,2.5,9.5,1.0,0.6,['wddrb_mid_sigma'],2016-04-20,session,stop,2093.0,False,2016-04
1461331800,2016-04-22 09:30:00,ES,RR,wddrb_sigma_distribution,short,2085.0,2082.875,2078.625,2.125,6.375,1.0,0.6,['wddrb_mid_sigma'],2016-04-22,session,stop,2082.875,False,2016-04
1461940500,2016-04-29 10:35:00,ES,RS,wddrb_sigma_distribution,short,2062.5,2060.25,2046.75,2.25,15.75,1.0,0.55,"['wddrb_mid_sigma', 'model_down_bias']",2016-04-29,session,stop,2060.25,False,2016-04
1460707200,2016-04-15 04:00:00,ES,OS,wddrb_sigma_distribution,short,2073.5,2076.75,2066.75,3.25,6.75,0.1538461538461538,0.55,"['wddrb_mid_sigma', 'model_down_bias']",2016-04-15,session,timeout,2073.0,False,2016-04
1461249000,2016-04-21 10:30:00,ES,RS,wddrb_sigma_distribution,short,2092.75,2094.75,2084.625,2.0,8.125,-1.0,0.7000000000000001,"['wddrb_mid_sigma', 'model_down_bias', 'cluster_near_weekly']",2016-04-21,session,stop,2094.75,False,2016-04
1459777800,2016-04-04 09:50:00,ES,RR,cluster_rejection_fade,short,2064.5,2066.5,2059.125,2.0,5.375,-1.0,0.65,"['rejection_bias', 'cluster_confluence', 'cluster_near_darkpool']",2016-04-04,session,stop,2066.5,False,2016-04
1459780500,2016-04-04 10:35:00,ES,RS,wddrb_sigma_distribution,long,2063.0,2061.0,2066.5,2.0,3.5,-1.0,0.65,"['wddrb_mid_sigma', 'cluster_near_darkpool']",2016-04-04,session,stop,2061.0,False,2016-04
1460620800,2016-04-14 04:00:00,ES,OS,wddrb_sigma_distribution,short,2070.0,2072.0,2057.5,2.0,12.5,-1.0,0.65,"['wddrb_mid_sigma', 'model_down_bias']",2016-04-14,session,stop,2072.0,False,2016-04
1460557800,2016-04-13 10:30:00,ES,RS,wddrb_sigma_distribution,long,2066.75,2064.75,2070.5,2.0,3.75,-1.0,0.6000000000000001,"['wddrb_mid_sigma', 'model_up_bias']",2016-04-13,session,stop,2064.75,False,2016-04
1460986200,2016-04-18 09:30:00,ES,RR,wddrb_sigma_distribution,short,2067.0,2069.0,2064.125,2.0,2.875,-1.0,0.55,['wddrb_mid_sigma'],2016-04-18,session,stop,2069.0,False,2016-04
1461139200,2016-04-20 04:00:00,ES,OS,wddrb_sigma_distribution,long,2089.5,2087.5,2097.75,2.0,8.25,-1.0,0.55,"['wddrb_mid_sigma', 'cluster_near_weekly']",2016-04-20,session,stop,2087.5,False,2016-04
1461571200,2016-04-25 04:00:00,ES,OS,wddrb_sigma_distribution,short,2076.5,2082.0,2068.0,5.5,8.5,-1.0,0.55,"['wddrb_mid_sigma', 'model_down_bias']",2016-04-25,session,stop,2082.0,False,2016-04
1461940200,2016-04-29 10:30:00,ES,RS,wddrb_sigma_distribution,short,2060.75,2062.75,2046.75,2.0,14.0,-1.0,0.55,"['wddrb_mid_sigma', 'model_down_bias']",2016-04-29,session,stop,2062.75,False,2016-04
1462455600,2016-05-05 09:40:00,ES,RR,cluster_rejection_fade,long,2048.75,2046.75,2052.5,2.0,3.75,1.875,0.65,"['rejection_bias', 'cluster_confluence', 'cluster_near_monthly']",2016-05-05,session,target,2052.5,False,2016-05
1463578200,2016-05-18 09:30:00,ES,RR,wddrb_sigma_distribution,long,2036.5,2034.5,2040.0,2.0,3.5,1.75,0.6,['wddrb_mid_sigma'],2016-05-18,session,target,2040.0,False,2016-05
1462296900,2016-05-03 13:35:00,ES,RS,wddrb_sigma_distribution,short,2061.75,2055.125,2040.875,6.625,20.875,1.0,0.7000000000000001,"['wddrb_mid_sigma', 'model_down_bias', 'cluster_near_weekly']",2016-05-03,session,stop,2055.125,False,2016-05
1463149800,2016-05-13 10:30:00,ES,RS,wddrb_sigma_distribution,long,2055.0,2058.125,2063.5,3.125,8.5,1.0,0.7000000000000001,"['wddrb_mid_sigma', 'model_up_bias', 'cluster_near_monthly']",2016-05-13,session,stop,2058.125,False,2016-05
1464100200,2016-05-24 10:30:00,ES,RS,cluster_rejection_fade,short,2069.25,2062.75,2049.25,6.5,20.0,1.0,0.65,"['rejection_bias', 'cluster_confluence', 'cluster_near_weekly']",2016-05-24,session,stop,2062.75,False,2016-05
1462295100,2016-05-03 13:05:00,ES,RS,wddrb_sigma_distribution,short,2058.75,2054.875,2041.125,3.875,17.625,1.0,0.6000000000000001,"['wddrb_mid_sigma', 'model_down_bias', 'cluster_near_darkpool']",2016-05-03,session,stop,2054.875,False,2016-05
1462780800,2016-05-09 04:00:00,ES,OS,wddrb_sigma_distribution,short,2051.0,2043.25,2024.25,7.75,26.75,1.0,0.6000000000000001,"['wddrb_mid_sigma', 'model_down_bias', 'cluster_near_weekly']",2016-05-09,session,stop,2043.25,False,2016-05
1463644800,2016-05-19 04:00:00,ES,OS,wddrb_sigma_distribution,short,2038.5,2044.25,2017.25,5.75,21.25,0.1304347826086956,0.7000000000000001,"['wddrb_mid_sigma', 'model_down_bias', 'cluster_near_darkpool']",2016-05-19,session,timeout,2037.75,False,2016-05
1462349100,2016-05-04 04:05:00,ES,OS,wddrb_sigma_distribution,long,2055.5,2053.5,2063.25,2.0,7.75,-1.0,0.65,"['wddrb_mid_sigma', 'cluster_near_darkpool']",2016-05-04,session,stop,2053.5,False,2016-05
1462887000,2016-05-10 09:30:00,ES,RR,wddrb_sigma_distribution,short,2063.75,2065.75,2059.75,2.0,4.0,-1.0,0.65,"['wddrb_mid_sigma', 'cluster_near_weekly']",2016-05-10,session,stop,2065.75,False,2016-05
1463405400,2016-05-16 09:30:00,ES,RR,wddrb_sigma_distribution,short,2047.0,2049.0,2041.75,2.0,5.25,-1.0,0.65,"['wddrb_mid_sigma', 'cluster_near_monthly']",2016-05-16,session,stop,2049.0,False,2016-05
1464010200,2016-05-23 09:30:00,ES,RR,wddrb_sigma_distribution,short,2050.25,2052.25,2045.625,2.0,4.625,-1.0,0.65,"['wddrb_mid_sigma', 'cluster_near_darkpool']",2016-05-23,session,stop,2052.25,False,2016-05
1464096600,2016-05-24 09:30:00,ES,RR,wddrb_sigma_distribution,short,2058.5,2060.5,2054.25,2.0,4.25,-1.0,0.65,"['wddrb_mid_sigma', 'cluster_near_weekly']",2016-05-24,session,stop,2060.5,False,2016-05
1462800600,2016-05-09 09:30:00,ES,RR,wddrb_sigma_distribution,short,2053.5,2055.5,2047.25,2.0,6.25,-1.0,0.6000000000000001,"['wddrb_mid_sigma', 'cluster_near_monthly']",2016-05-09,session,stop,2055.5,False,2016-05
1463495400,2016-05-17 10:30:00,ES,RS,wddrb_sigma_distribution,short,2054.0,2057.5,2047.0,3.5,7.0,-1.0,0.6000000000000001,"['wddrb_mid_sigma', 'model_down_bias', 'cluster_near_weekly']",2016-05-17,session,stop,2057.5,False,2016-05
1462196100,2016-05-02 09:35:00,ES,RR,wddrb_sigma_distribution,short,2064.75,2066.75,2059.125,2.0,5.625,-1.0,0.6,['wddrb_mid_sigma'],2016-05-02,session,stop,2066.75,False,2016-05
1462541400,2016-05-06 09:30:00,ES,RR,wddrb_sigma_distribution,short,2037.0,2039.0,2032.875,2.0,4.125,-1.0,0.6,['wddrb_mid_sigma'],2016-05-06,session,stop,2039.0,False,2016-05
1463151900,2016-05-13 11:05:00,ES,RS,wddrb_sigma_distribution,short,2058.75,2060.75,2045.5,2.0,13.25,-1.0,0.6,['wddrb_mid_sigma'],2016-05-13,session,stop,2060.75,False,2016-05
1464355800,2016-05-27 09:30:00,ES,RR,wddrb_sigma_distribution,short,2090.75,2092.75,2088.125,2.0,2.625,-1.0,0.6,['wddrb_mid_sigma'],2016-05-27,session,stop,2092.75,False,2016-05
1462348800,2016-05-04 04:00:00,ES,OS,wddrb_sigma_distribution,long,2056.25,2054.25,2063.25,2.0,7.0,-1.0,0.55,"['wddrb_mid_sigma', 'cluster_near_darkpool']",2016-05-04,session,stop,2054.25,False,2016-05
1462953600,2016-05-11 04:00:00,ES,OS,wddrb_sigma_distribution,short,2071.0,2073.0,2052.0,2.0,19.0,-1.0,0.55,"['wddrb_mid_sigma', 'model_down_bias']",2016-05-11,session,stop,2073.0,False,2016-05
1463496000,2016-05-17 10:40:00,ES,RS,wddrb_sigma_distribution,short,2057.25,2059.25,2047.0,2.0,10.25,-1.0,0.55,"['wddrb_mid_sigma', 'model_down_bias']",2016-05-17,session,stop,2059.25,False,2016-05
1464249600,2016-05-26 04:00:00,ES,OS,wddrb_sigma_distribution,long,2088.5,2086.5,2092.5,2.0,4.0,-1.0,0.55,"['wddrb_mid_sigma', 'model_up_bias']",2016-05-26,session,stop,2086.5,False,2016-05
1465570200,2016-06-10 10:50:00,ES,RS,wddrb_sigma_distribution,long,2098.5,2096.5,2103.0,2.0,4.5,2.25,0.65,"['wddrb_mid_sigma', 'model_up_bias']",2016-06-10,session,target,2103.0,False,2016-06
1466692200,2016-06-23 10:30:00,ES,RS,wddrb_sigma_distribution,long,2091.5,2089.5,2096.0,2.0,4.5,2.25,0.65,"['wddrb_mid_sigma', 'model_up_bias']",2016-06-23,session,target,2096.0,False,2016-06
1466692500,2016-06-23 10:35:00,ES,RS,wddrb_sigma_distribution,long,2092.25,2090.25,2096.0,2.0,3.75,1.875,0.7000000000000001,"['wddrb_mid_sigma', 'model_up_bias', 'cluster_near_monthly']",2016-06-23,session,target,2096.0,False,2016-06
1465479000,2016-06-09 09:30:00,ES,RR,wddrb_sigma_distribution,long,2108.5,2106.5,2110.75,2.0,2.25,1.125,0.65,"['wddrb_mid_sigma', 'cluster_near_weekly']",2016-06-09,session,target,2110.75,False,2016-06
1465997400,2016-06-15 09:30:00,ES,RR,wddrb_sigma_distribution,long,2069.75,2067.75,2072.0,2.0,2.25,1.125,0.65,"['wddrb_mid_sigma', 'model_up_bias']",2016-06-15,session,target,2072.0,False,2016-06
1464877800,2016-06-02 10:30:00,ES,RS,wddrb_sigma_distribution,short,2092.5,2090.125,2083.375,2.375,9.125,1.0,0.7000000000000001,"['wddrb_mid_sigma', 'model_down_bias', 'cluster_near_monthly']",2016-06-02,session,stop,2090.125,False,2016-06
1464978600,2016-06-03 14:30:00,ES,RS,wddrb_sigma_distribution,short,2097.75,2090.375,2075.125,7.375,22.625,1.0,0.7000000000000001,"['wddrb_mid_sigma', 'model_down_bias', 'cluster_near_weekly']",2016-06-03,session,stop,2090.375,False,2016-06
1465395300,2016-06-08 10:15:00,ES,RR,wddrb_sigma_distribution,long,2113.25,2115.375,2118.75,2.125,5.5,1.0,0.65,"['wddrb_mid_sigma', 'cluster_near_weekly']",2016-06-08,session,stop,2115.375,False,2016-06
1465398000,2016-06-08 11:00:00,ES,RS,wddrb_sigma_distribution,long,2113.0,2115.375,2118.75,2.375,5.75,1.0,0.65,"['wddrb_mid_sigma', 'model_up_bias']",2016-06-08,session,stop,2115.375,False,2016-06
1466090700,2016-06-16 11:25:00,ES,RS,wddrb_sigma_distribution,short,2053.75,2047.375,2034.125,6.375,19.625,1.0,0.6000000000000001,"['wddrb_mid_sigma', 'model_down_bias']",2016-06-16,session,stop,2047.375,False,2016-06
1467297600,2016-06-30 10:40:00,ES,RS,wddrb_sigma_distribution,short,2068.75,2065.25,2056.75,3.5,12.0,1.0,0.6,['wddrb_mid_sigma'],2016-06-30,session,stop,2065.25,False,2016-06
1466091000,2016-06-16 11:30:00,ES,RS,wddrb_sigma_distribution,short,2052.0,2047.875,2033.625,4.125,18.375,1.0,0.55,"['wddrb_mid_sigma', 'model_down_bias']",2016-06-16,session,stop,2047.875,False,2016-06
1466187900,2016-06-17 14:25:00,ES,RS,wddrb_sigma_distribution,short,2063.25,2060.75,2045.75,2.5,17.5,1.0,0.55,"['wddrb_mid_sigma', 'model_down_bias']",2016-06-17,session,stop,2060.75,False,2016-06
1466150400,2016-06-17 04:00:00,ES,OS,wddrb_sigma_distribution,short,2067.5,2056.125,2025.375,11.375,42.125,1.0,0.55,"['wddrb_mid_sigma', 'model_down_bias']",2016-06-17,session,stop,2056.125,False,2016-06
1466496000,2016-06-21 04:00:00,ES,OS,wddrb_sigma_distribution,long,2082.25,2080.25,2092.5,2.0,10.25,0.375,0.55,"['wddrb_mid_sigma', 'model_up_bias']",2016-06-21,session,timeout,2083.0,False,2016-06
1467037800,2016-06-27 10:30:00,ES,RS,wddrb_sigma_distribution,short,1991.75,1999.625,1977.375,7.875,14.375,0.0952380952380952,0.55,"['wddrb_mid_sigma', 'model_down_bias']",2016-06-27,session,timeout,1991.0,False,2016-06
1464964200,2016-06-03 10:30:00,ES,RS,wddrb_sigma_distribution,short,2088.75,2090.75,2075.125,2.0,13.625,-1.0,0.7000000000000001,"['wddrb_mid_sigma', 'model_down_bias', 'cluster_near_monthly']",2016-06-03,session,stop,2090.75,False,2016-06
1466433300,2016-06-20 10:35:00,ES,RS,cluster_rejection_fade,short,2087.25,2089.25,2080.125,2.0,7.125,-1.0,0.65,"['rejection_bias', 'cluster_confluence', 'cluster_near_monthly']",2016-06-20,session,stop,2089.25,False,2016-06
1466429400,2016-06-20 09:30:00,ES,RR,cluster_rejection_fade,short,2087.0,2089.0,2082.375,2.0,4.625,-1.0,0.65,"['rejection_bias', 'cluster_confluence', 'cluster_near_monthly']",2016-06-20,session,stop,2089.0,False,2016-06
1467124500,2016-06-28 10:35:00,ES,RS,cluster_rejection_fade,short,2011.0,2013.25,2003.25,2.25,7.75,-1.0,0.65,"['rejection_bias', 'cluster_confluence', 'cluster_near_darkpool']",2016-06-28,session,stop,2013.25,False,2016-06
1464854400,2016-06-02 04:00:00,ES,OS,wddrb_sigma_distribution,short,2093.0,2095.0,2075.25,2.0,17.75,-1.0,0.6000000000000001,"['wddrb_mid_sigma', 'model_down_bias', 'cluster_near_monthly']",2016-06-02,session,stop,2095.0,False,2016-06
1467034200,2016-06-27 09:30:00,ES,RR,wddrb_sigma_distribution,long,2008.0,2006.0,2010.75,2.0,2.75,-1.0,0.6000000000000001,"['wddrb_mid_sigma', 'model_up_bias', 'cluster_near_darkpool']",2016-06-27,session,stop,2006.0,False,2016-06
1467297000,2016-06-30 10:30:00,ES,RS,wddrb_sigma_distribution,short,2065.75,2067.75,2057.0,2.0,8.75,-1.0,0.6,['wddrb_mid_sigma'],2016-06-30,session,stop,2067.75,False,2016-06
1465306200,2016-06-07 09:30:00,ES,RR,wddrb_sigma_distribution,short,2110.75,2112.75,2108.375,2.0,2.375,-1.0,0.55,"['wddrb_mid_sigma', 'cluster_near_weekly']",2016-06-07,session,stop,2112.75,False,2016-06
1466497200,2016-06-21 04:20:00,ES,OS,wddrb_sigma_distribution,long,2083.5,2081.5,2092.5,2.0,9.0,-1.0,0.55,"['wddrb_mid_sigma', 'model_up_bias']",2016-06-21,session,stop,2081.5,False,2016-06
1467124200,2016-06-28 10:30:00,ES,RS,wddrb_sigma_distribution,long,2014.25,2012.25,2018.25,2.0,4.0,-1.0,0.55,"['wddrb_mid_sigma', 'model_up_bias']",2016-06-28,session,stop,2012.25,False,2016-06
1468593300,2016-07-15 10:35:00,ES,RS,wddrb_sigma_distribution,short,2160.5,2162.5,2153.0,2.0,7.5,3.75,0.6,['wddrb_mid_sigma'],2016-07-15,session,target,2153.0,False,2016-07
1468593000,2016-07-15 10:30:00,ES,RS,wddrb_sigma_distribution,short,2159.75,2161.75,2153.0,2.0,6.75,3.375,0.6,['wddrb_mid_sigma'],2016-07-15,session,target,2153.0,False,2016-07
1467903900,2016-07-07 11:05:00,ES,RS,wddrb_sigma_distribution,short,2094.5,2097.125,2087.375,2.625,7.125,2.7142857142857144,0.65,"['wddrb_mid_sigma', 'cluster_near_darkpool']",2016-07-07,session,target,2087.375,False,2016-07
1468333800,2016-07-12 10:30:00,ES,RS,wddrb_sigma_distribution,long,2141.0,2139.0,2145.25,2.0,4.25,2.125,0.55,"['wddrb_mid_sigma', 'model_up_bias']",2016-07-12,session,target,2145.25,False,2016-07
1468939500,2016-07-19 10:45:00,ES,RS,wddrb_sigma_distribution,long,2154.5,2152.5,2158.0,2.0,3.5,1.75,0.65,"['wddrb_mid_sigma', 'cluster_near_darkpool']",2016-07-19,session,target,2158.0,False,2016-07
1468335300,2016-07-12 10:55:00,ES,RS,wddrb_sigma_distribution,long,2142.25,2140.25,2145.25,2.0,3.0,1.5,0.55,"['wddrb_mid_sigma', 'model_up_bias']",2016-07-12,session,target,2145.25,False,2016-07
1467729000,2016-07-05 10:30:00,ES,RS,wddrb_sigma_distribution,short,2082.0,2084.0,2071.875,2.0,10.125,1.125,0.55,"['wddrb_mid_sigma', 'model_down_bias']",2016-07-05,session,timeout,2079.75,False,2016-07
1469433600,2016-07-25 04:00:00,ES,OS,cluster_rejection_fade,short,2167.5,2163.125,2150.875,4.375,16.625,1.0,0.7000000000000001,"['rejection_bias', 'cluster_confluence', 'model_down_bias', 'cluster_near_darkpool']",2016-07-25,session,stop,2163.125,False,2016-07
1469726700,2016-07-28 13:25:00,ES,RS,wddrb_sigma_distribution,short,2160.5,2158.125,2148.875,2.375,11.625,1.0,0.7000000000000001,"['wddrb_mid_sigma', 'model_down_bias', 'cluster_near_weekly']",2016-07-28,session,stop,2158.125,False,2016-07
1469107800,2016-07-21 09:30:00,ES,RR,wddrb_sigma_distribution,long,2164.75,2162.75,2166.75,2.0,2.0,1.0,0.65,"['wddrb_mid_sigma', 'model_up_bias']",2016-07-21,session,target,2166.75,False,2016-07
1467619200,2016-07-04 04:00:00,ES,OS,wddrb_sigma_distribution,short,2099.75,2094.875,2083.125,4.875,16.625,1.0,0.6,['wddrb_mid_sigma'],2016-07-04,session,stop,2094.875,False,2016-07
1467393900,2016-07-01 13:25:00,ES,RS,range_post_break_pullback,long,2092.75,2089.0,2112.5,3.75,19.75,0.3333333333333333,0.7000000000000001,"['pullback_first_high', 'post_break', 'model_up_bias', 'cluster_near_monthly']",2016-07-01,session,timeout,2094.0,False,2016-07
1467903000,2016-07-07 10:50:00,ES,RS,wddrb_sigma_distribution,long,2097.0,2095.0,2102.0,2.0,5.0,-1.0,0.7000000000000001,"['wddrb_mid_sigma', 'model_up_bias', 'cluster_near_darkpool']",2016-07-07,session,stop,2095.0,False,2016-07
1467964800,2016-07-08 04:00:00,ES,OS,wddrb_sigma_distribution,long,2095.0,2091.875,2102.0,3.125,7.0,-1.0,0.7000000000000001,"['wddrb_mid_sigma', 'model_up_bias', 'cluster_near_monthly']",2016-07-08,session,stop,2091.875,False,2016-07
1469626200,2016-07-27 09:30:00,ES,RR,wddrb_sigma_distribution,long,2167.0,2165.0,2169.25,2.0,2.25,-1.0,0.7000000000000001,"['wddrb_mid_sigma', 'model_up_bias', 'cluster_near_darkpool']",2016-07-27,session,stop,2165.0,False,2016-07
1467379800,2016-07-01 09:30:00,ES,RR,wddrb_sigma_distribution,short,2092.25,2094.25,2087.25,2.0,5.0,-1.0,0.65,"['wddrb_mid_sigma', 'cluster_near_monthly']",2016-07-01,session,stop,2094.25,False,2016-07
1467725400,2016-07-05 09:30:00,ES,RR,wddrb_sigma_distribution,long,2084.0,2082.0,2086.5,2.0,2.5,-1.0,0.65,"['wddrb_mid_sigma', 'cluster_near_weekly']",2016-07-05,session,stop,2082.0,False,2016-07
1468938600,2016-07-19 10:30:00,ES,RS,cluster_rejection_fade,short,2156.5,2158.5,2150.875,2.0,5.625,-1.0,0.65,"['rejection_bias', 'cluster_confluence', 'cluster_near_darkpool']",2016-07-19,session,stop,2158.5,False,2016-07
1469779200,2016-07-29 04:00:00,ES,OS,wddrb_sigma_distribution,short,2160.5,2162.5,2146.5,2.0,14.0,-1.0,0.6000000000000001,"['wddrb_mid_sigma', 'model_down_bias', 'cluster_near_weekly']",2016-07-29,session,stop,2162.5,False,2016-07
1467811800,2016-07-06 09:30:00,ES,RR,wddrb_sigma_distribution,long,2071.75,2069.75,2076.0,2.0,4.25,-1.0,0.55,"['wddrb_mid_sigma', 'model_up_bias']",2016-07-06,session,stop,2069.75,False,2016-07
1468416600,2016-07-13 09:30:00,ES,RR,wddrb_sigma_distribution,long,2147.25,2145.25,2150.75,2.0,3.5,-1.0,0.55,"['wddrb_mid_sigma', 'model_up_bias']",2016-07-13,session,stop,2145.25,False,2016-07
1468835100,2016-07-18 05:45:00,ES,OS,wddrb_sigma_distribution,short,2156.25,2158.25,2141.375,2.0,14.875,-1.0,0.55,"['wddrb_mid_sigma', 'cluster_near_darkpool']",2016-07-18,session,stop,2158.25,False,2016-07
1469021400,2016-07-20 09:30:00,ES,RR,wddrb_sigma_distribution,long,2160.5,2158.5,2164.0,2.0,3.5,-1.0,0.55,"['wddrb_mid_sigma', 'model_up_bias']",2016-07-20,session,stop,2158.5,False,2016-07
1469716200,2016-07-28 10:30:00,ES,RS,wddrb_sigma_distribution,short,2157.25,2159.25,2149.625,2.0,7.625,-1.0,0.55,"['wddrb_mid_sigma', 'model_down_bias']",2016-07-28,session,stop,2159.25,False,2016-07
1472057400,2016-08-24 12:50:00,ES,RS,wddrb_sigma_distribution,short,2182.75,2184.75,2175.0,2.0,7.75,3.875,0.65,"['wddrb_mid_sigma', 'cluster_near_darkpool']",2016-08-24,session,target,2175.0,False,2016-08
1470144600,2016-08-02 09:30:00,ES,RR,wddrb_sigma_distribution,short,2162.5,2164.5,2157.75,2.0,4.75,2.375,0.65,"['wddrb_mid_sigma', 'cluster_near_weekly']",2016-08-02,session,target,2157.75,False,2016-08
1472563800,2016-08-30 09:30:00,ES,RR,wddrb_sigma_distribution,short,2180.75,2182.75,2176.625,2.0,4.125,2.0625,0.65,"['wddrb_mid_sigma', 'cluster_near_weekly']",2016-08-30,session,target,2176.625,False,2016-08
1471872600,2016-08-22 09:30:00,ES,RR,wddrb_sigma_distribution,long,2175.0,2173.0,2178.5,2.0,3.5,1.75,0.55,"['wddrb_mid_sigma', 'model_up_bias']",2016-08-22,session,target,2178.5,False,2016-08
1472049000,2016-08-24 10:30:00,ES,RS,wddrb_sigma_distribution,short,2181.25,2183.25,2178.375,2.0,2.875,1.4375,0.65,"['wddrb_mid_sigma', 'cluster_near_darkpool']",2016-08-24,session,target,2178.375,False,2016-08
1472131800,2016-08-25 09:30:00,ES,RR,wddrb_sigma_distribution,long,2168.25,2166.25,2170.75,2.0,2.5,1.25,0.55,"['wddrb_mid_sigma', 'model_up_bias']",2016-08-25,session,target,2170.75,False,2016-08
1470407400,2016-08-05 10:30:00,ES,RS,wddrb_sigma_distribution,long,2173.25,2171.125,2175.75,2.125,2.5,1.1764705882352942,0.55,"['wddrb_mid_sigma', 'model_up_bias']",2016-08-05,session,target,2175.75,False,2016-08
1470317400,2016-08-04 09:30:00,ES,RR,wddrb_sigma_distribution,long,2158.75,2156.75,2161.0,2.0,2.25,1.125,0.65,"['wddrb_mid_sigma', 'model_up_bias']",2016-08-04,session,target,2161.0,False,2016-08
1470764400,2016-08-09 13:40:00,ES,RS,wddrb_sigma_distribution,long,2176.75,2179.75,2183.5,3.0,6.75,1.0,0.7000000000000001,"['wddrb_mid_sigma', 'model_up_bias', 'cluster_near_darkpool']",2016-08-09,session,stop,2179.75,False,2016-08
1471021200,2016-08-12 13:00:00,ES,RS,wddrb_sigma_distribution,long,2177.0,2179.875,2183.0,2.875,6.0,1.0,0.7000000000000001,"['wddrb_mid_sigma', 'model_up_bias', 'cluster_near_weekly']",2016-08-12,session,stop,2179.875,False,2016-08
1471593900,2016-08-19 04:05:00,ES,OS,cluster_rejection_fade,long,2177.75,2181.125,2184.5,3.375,6.75,1.0,0.7000000000000001,"['rejection_bias', 'cluster_confluence', 'model_up_bias', 'cluster_near_weekly']",2016-08-19,session,stop,2181.125,False,2016-08
1471455300,2016-08-17 13:35:00,ES,RS,wddrb_sigma_distribution,short,2175.75,2171.0,2160.0,4.75,15.75,1.0,0.6000000000000001,"['wddrb_mid_sigma', 'model_down_bias']",2016-08-17,session,stop,2171.0,False,2016-08
1472671500,2016-08-31 15:25:00,ES,RS,wddrb_sigma_distribution,short,2169.0,2166.125,2152.875,2.875,16.125,1.0,0.6000000000000001,"['wddrb_mid_sigma', 'model_down_bias', 'cluster_near_darkpool']",2016-08-31,session,stop,2166.125,False,2016-08
1470045300,2016-08-01 05:55:00,ES,OS,wddrb_sigma_distribution,short,2169.75,2164.625,2150.375,5.125,19.375,1.0,0.55,"['wddrb_mid_sigma', 'cluster_near_darkpool']",2016-08-01,session,stop,2164.625,False,2016-08
1471452300,2016-08-17 12:45:00,ES,RS,wddrb_sigma_distribution,short,2173.25,2171.0,2160.0,2.25,13.25,1.0,0.55,"['wddrb_mid_sigma', 'model_down_bias']",2016-08-17,session,stop,2171.0,False,2016-08
1471593600,2016-08-19 04:00:00,ES,OS,wddrb_sigma_distribution,short,2178.75,2181.125,2174.375,2.375,4.375,0.4210526315789473,0.6000000000000001,"['wddrb_mid_sigma', 'model_down_bias', 'cluster_near_weekly']",2016-08-19,session,timeout,2177.75,False,2016-08
1471527000,2016-08-18 09:30:00,ES,RR,cluster_rejection_fade,short,2180.75,2182.75,2176.875,2.0,3.875,0.0,0.65,"['rejection_bias', 'cluster_confluence', 'cluster_near_darkpool']",2016-08-18,session,timeout,2180.75,False,2016-08
1470835800,2016-08-10 09:30:00,ES,RR,wddrb_sigma_distribution,long,2178.0,2176.0,2180.0,2.0,2.0,-1.0,0.7000000000000001,"['wddrb_mid_sigma', 'model_up_bias', 'cluster_near_darkpool']",2016-08-10,session,stop,2176.0,False,2016-08
1470749400,2016-08-09 09:30:00,ES,RR,wddrb_sigma_distribution,short,2178.75,2180.75,2174.625,2.0,4.125,-1.0,0.65,"['wddrb_mid_sigma', 'cluster_near_weekly']",2016-08-09,session,stop,2180.75,False,2016-08
1472226000,2016-08-26 11:40:00,ES,RS,wddrb_sigma_distribution,long,2177.25,2175.25,2186.75,2.0,9.5,-1.0,0.65,"['wddrb_mid_sigma', 'model_up_bias']",2016-08-26,session,stop,2175.25,False,2016-08
1470061800,2016-08-01 10:30:00,ES,RS,wddrb_sigma_distribution,short,2167.75,2169.75,2158.625,2.0,9.125,-1.0,0.6000000000000001,"['wddrb_mid_sigma', 'model_down_bias', 'cluster_near_weekly']",2016-08-01,session,stop,2169.75,False,2016-08
1470231000,2016-08-03 09:30:00,ES,RR,wddrb_sigma_distribution,long,2149.25,2147.25,2152.0,2.0,2.75,-1.0,0.6000000000000001,"['wddrb_mid_sigma', 'model_up_bias', 'cluster_near_weekly']",2016-08-03,session,stop,2147.25,False,2016-08
1471964400,2016-08-23 11:00:00,ES,RS,wddrb_sigma_distribution,long,2188.75,2186.75,2191.5,2.0,2.75,-1.0,0.6000000000000001,"['wddrb_mid_sigma', 'model_up_bias', 'cluster_near_weekly']",2016-08-23,session,stop,2186.75,False,2016-08
1471354200,2016-08-16 09:30:00,ES,RR,wddrb_sigma_distribution,long,2179.5,2177.5,2182.25,2.0,2.75,-1.0,0.6,['wddrb_mid_sigma'],2016-08-16,session,stop,2177.5,False,2016-08
1471008900,2016-08-12 09:35:00,ES,RR,wddrb_sigma_distribution,short,2177.5,2179.5,2174.875,2.0,2.625,-1.0,0.55,"['wddrb_mid_sigma', 'cluster_near_weekly']",2016-08-12,session,stop,2179.5,False,2016-08
1472827800,2016-09-02 10:50:00,ES,RS,cluster_rejection_fade,short,2180.25,2182.25,2174.375,2.0,5.875,2.9375,0.65,"['rejection_bias', 'cluster_confluence', 'cluster_near_darkpool']",2016-09-02,session,target,2174.375,False,2016-09
1473431400,2016-09-09 10:30:00,ES,RS,wddrb_sigma_distribution,short,2157.5,2160.125,2151.375,2.625,6.125,2.3333333333333335,0.55,"['wddrb_mid_sigma', 'model_down_bias']",2016-09-09,session,target,2151.375,False,2016-09
1474554900,2016-09-22 10:35:00,ES,RS,cluster_rejection_fade,short,2171.0,2173.0,2163.375,2.0,7.625,1.125,0.65,"['rejection_bias', 'cluster_confluence', 'cluster_near_monthly']",2016-09-22,session,timeout,2168.75,False,2016-09
1475155800,2016-09-29 09:30:00,ES,RR,wddrb_sigma_distribution,long,2160.0,2158.0,2162.25,2.0,2.25,1.125,0.6000000000000001,"['wddrb_mid_sigma', 'model_up_bias', 'cluster_near_monthly']",2016-09-29,session,target,2162.25,False,2016-09
1472747400,2016-09-01 12:30:00,ES,RS,wddrb_sigma_distribution,short,2168.0,2163.5,2146.0,4.5,22.0,1.0,0.7000000000000001,"['wddrb_mid_sigma', 'model_down_bias', 'cluster_near_darkpool']",2016-09-01,session,stop,2163.5,False,2016-09
1473345300,2016-09-08 10:35:00,ES,RS,cluster_rejection_fade,short,2181.5,2179.25,2172.25,2.25,9.25,1.0,0.7000000000000001,"['rejection_bias', 'cluster_confluence', 'model_down_bias', 'cluster_near_darkpool']",2016-09-08,session,stop,2179.25,False,2016-09
1474365300,2016-09-20 05:55:00,ES,OS,cluster_rejection_fade,short,2140.5,2137.25,2118.25,3.25,22.25,1.0,0.65,"['rejection_bias', 'cluster_confluence', 'cluster_near_darkpool']",2016-09-20,session,stop,2137.25,False,2016-09
1474557000,2016-09-22 11:10:00,ES,RS,wddrb_sigma_distribution,long,2167.25,2169.625,2172.75,2.375,5.5,1.0,0.65,"['wddrb_mid_sigma', 'model_up_bias']",2016-09-22,session,stop,2169.625,False,2016-09
1474963200,2016-09-27 04:00:00,ES,OS,wddrb_sigma_distribution,short,2148.75,2143.125,2130.375,5.625,18.375,1.0,0.65,"['wddrb_mid_sigma', 'cluster_near_weekly']",2016-09-27,session,stop,2143.125,False,2016-09
1473753600,2016-09-13 04:00:00,ES,OS,wddrb_sigma_distribution,short,2143.75,2140.0,2094.5,3.75,49.25,1.0,0.6000000000000001,"['wddrb_mid_sigma', 'model_down_bias', 'cluster_near_weekly']",2016-09-13,session,stop,2140.0,False,2016-09
1474037100,2016-09-16 10:45:00,ES,RS,wddrb_sigma_distribution,short,2131.0,2127.875,2118.625,3.125,12.375,1.0,0.6000000000000001,"['wddrb_mid_sigma', 'model_down_bias', 'cluster_near_weekly']",2016-09-16,session,stop,2127.875,False,2016-09
1474444800,2016-09-21 04:00:00,ES,OS,wddrb_sigma_distribution,short,2139.5,2137.25,2124.75,2.25,14.75,1.0,0.55,"['wddrb_mid_sigma', 'cluster_near_darkpool']",2016-09-21,session,stop,2137.25,False,2016-09
1473092700,2016-09-05 12:25:00,ES,RS,wddrb_sigma_distribution,short,2178.25,2180.25,2173.0,2.0,5.25,-0.25,0.65,"['wddrb_mid_sigma', 'model_down_bias']",2016-09-05,session,timeout,2178.75,False,2016-09
1473840000,2016-09-14 04:00:00,ES,OS,wddrb_sigma_distribution,short,2123.5,2132.375,2105.625,8.875,17.875,-0.3098591549295774,0.65,"['wddrb_mid_sigma', 'model_down_bias']",2016-09-14,session,timeout,2126.25,False,2016-09
1473345000,2016-09-08 10:30:00,ES,RS,wddrb_sigma_distribution,short,2180.0,2182.0,2173.0,2.0,7.0,-1.0,0.7000000000000001,"['wddrb_mid_sigma', 'model_down_bias', 'cluster_near_darkpool']",2016-09-08,session,stop,2182.0,False,2016-09
1472823600,2016-09-02 09:40:00,ES,RR,cluster_rejection_fade,short,2181.25,2183.25,2175.625,2.0,5.625,-1.0,0.65,"['rejection_bias', 'cluster_confluence', 'cluster_near_darkpool']",2016-09-02,session,stop,2183.25,False,2016-09
1473090900,2016-09-05 11:55:00,ES,RS,wddrb_sigma_distribution,short,2177.25,2179.25,2173.0,2.0,4.25,-1.0,0.65,"['wddrb_mid_sigma', 'model_down_bias']",2016-09-05,session,stop,2179.25,False,2016-09
1474291800,2016-09-19 09:30:00,ES,RR,cluster_rejection_fade,short,2139.75,2141.75,2137.375,2.0,2.375,-1.0,0.65,"['rejection_bias', 'cluster_confluence', 'cluster_near_darkpool']",2016-09-19,session,stop,2141.75,False,2016-09
1474358400,2016-09-20 04:00:00,ES,OS,cluster_rejection_fade,short,2139.0,2141.0,2118.25,2.0,20.75,-1.0,0.65,"['rejection_bias', 'cluster_confluence', 'cluster_near_weekly']",2016-09-20,session,stop,2141.0,False,2016-09
1474464600,2016-09-21 09:30:00,ES,RR,cluster_rejection_fade,short,2141.5,2143.5,2137.625,2.0,3.875,-1.0,0.65,"['rejection_bias', 'cluster_confluence', 'cluster_near_darkpool']",2016-09-21,session,stop,2143.5,False,2016-09
1474896600,2016-09-26 09:30:00,ES,RR,wddrb_sigma_distribution,long,2145.75,2143.75,2149.0,2.0,3.25,-1.0,0.65,"['wddrb_mid_sigma', 'model_up_bias']",2016-09-26,session,stop,2143.75,False,2016-09
1475242500,2016-09-30 09:35:00,ES,RR,wddrb_sigma_distribution,long,2153.75,2151.75,2158.5,2.0,4.75,-1.0,0.65,"['wddrb_mid_sigma', 'model_up_bias']",2016-09-30,session,stop,2151.75,False,2016-09
1472738100,2016-09-01 09:55:00,ES,RR,wddrb_sigma_distribution,long,2167.25,2165.25,2172.25,2.0,5.0,-1.0,0.55,"['wddrb_mid_sigma', 'model_up_bias']",2016-09-01,session,stop,2165.25,False,2016-09
1473168600,2016-09-06 09:30:00,ES,RR,wddrb_sigma_distribution,long,2180.5,2178.5,2182.75,2.0,2.25,-1.0,0.55,"['wddrb_mid_sigma', 'cluster_near_darkpool']",2016-09-06,session,stop,2178.5,False,2016-09
1474037700,2016-09-16 10:55:00,ES,RS,wddrb_sigma_distribution,short,2127.75,2129.75,2118.625,2.0,9.125,-1.0,0.55,"['wddrb_mid_sigma', 'model_down_bias']",2016-09-16,session,stop,2129.75,False,2016-09
1474983000,2016-09-27 09:30:00,ES,RR,wddrb_sigma_distribution,short,2136.0,2138.0,2130.375,2.0,5.625,-1.0,0.55,"['wddrb_mid_sigma', 'cluster_near_weekly']",2016-09-27,session,stop,2138.0,False,2016-09
1475242200,2016-09-30 09:30:00,ES,RR,wddrb_sigma_distribution,long,2155.75,2153.75,2158.5,2.0,2.75,-1.0,0.55,"['wddrb_mid_sigma', 'model_up_bias']",2016-09-30,session,stop,2153.75,False,2016-09
1477405800,2016-10-25 10:30:00,ES,RS,wddrb_sigma_distribution,short,2142.0,2144.0,2137.125,2.0,4.875,2.4375,0.6000000000000001,"['wddrb_mid_sigma', 'model_down_bias', 'cluster_near_weekly']",2016-10-25,session,target,2137.125,False,2016-10
1477661400,2016-10-28 09:30:00,ES,RR,wddrb_sigma_distribution,long,2122.75,2120.75,2127.5,2.0,4.75,2.375,0.55,"['wddrb_mid_sigma', 'model_up_bias']",2016-10-28,session,target,2127.5,False,2016-10
1476196200,2016-10-11 10:30:00,ES,RS,wddrb_sigma_distribution,short,2142.5,2146.75,2132.75,4.25,9.75,2.2941176470588234,0.65,"['wddrb_mid_sigma', 'model_down_bias']",2016-10-11,session,target,2132.75,False,2016-10
1475768700,2016-10-06 11:45:00,ES,RS,wddrb_sigma_distribution,short,2152.0,2148.375,2138.125,3.625,13.875,1.0,0.7000000000000001,"['wddrb_mid_sigma', 'model_down_bias', 'cluster_near_monthly']",2016-10-06,session,stop,2148.375,False,2016-10
1477927500,2016-10-31 11:25:00,ES,RS,wddrb_sigma_distribution,short,2125.75,2123.0,2117.0,2.75,8.75,1.0,0.65,"['wddrb_mid_sigma', 'model_down_bias']",2016-10-31,session,stop,2123.0,False,2016-10
1477901400,2016-10-31 04:10:00,ES,OS,wddrb_sigma_distribution,short,2129.25,2123.875,2101.125,5.375,28.125,1.0,0.6,['wddrb_mid_sigma'],2016-10-31,session,stop,2123.875,False,2016-10
1475678700,2016-10-05 10:45:00,ES,RS,wddrb_sigma_distribution,long,2150.25,2152.75,2155.75,2.5,5.5,1.0,0.55,"['wddrb_mid_sigma', 'model_up_bias']",2016-10-05,session,stop,2152.75,False,2016-10
1475847000,2016-10-07 09:30:00,ES,RR,wddrb_sigma_distribution,long,2154.75,2156.75,2159.25,2.0,4.5,1.0,0.55,"['wddrb_mid_sigma', 'model_up_bias']",2016-10-07,session,stop,2156.75,False,2016-10
1476456900,2016-10-14 10:55:00,ES,RS,wddrb_sigma_distribution,long,2138.25,2140.25,2143.25,2.0,5.0,1.0,0.55,"['wddrb_mid_sigma', 'model_up_bias']",2016-10-14,session,stop,2140.25,False,2016-10
1477036800,2016-10-21 04:00:00,ES,OS,wddrb_sigma_distribution,short,2132.0,2134.0,2119.5,2.0,12.5,1.0,0.55,"['wddrb_mid_sigma', 'model_down_bias']",2016-10-21,session,timeout,2130.0,False,2016-10
1477504200,2016-10-26 13:50:00,ES,RS,wddrb_sigma_distribution,long,2129.25,2132.375,2140.0,3.125,10.75,1.0,0.55,"['wddrb_mid_sigma', 'model_up_bias']",2016-10-26,session,stop,2132.375,False,2016-10
1475827200,2016-10-07 04:00:00,ES,OS,cluster_rejection_fade,long,2151.25,2149.25,2156.75,2.0,5.5,-1.0,0.7000000000000001,"['rejection_bias', 'cluster_confluence', 'model_up_bias', 'cluster_near_darkpool']",2016-10-07,session,stop,2149.25,False,2016-10
1475505300,2016-10-03 10:35:00,ES,RS,wddrb_sigma_distribution,short,2154.0,2156.0,2145.875,2.0,8.125,-1.0,0.65,"['wddrb_mid_sigma', 'model_down_bias']",2016-10-03,session,stop,2156.0,False,2016-10
1475505000,2016-10-03 10:30:00,ES,RS,wddrb_sigma_distribution,short,2153.75,2155.75,2145.875,2.0,7.875,-1.0,0.65,"['wddrb_mid_sigma', 'model_down_bias']",2016-10-03,session,stop,2155.75,False,2016-10
1476114000,2016-10-10 11:40:00,ES,RS,wddrb_sigma_distribution,long,2160.25,2158.25,2163.5,2.0,3.25,-1.0,0.65,"['wddrb_mid_sigma', 'model_up_bias']",2016-10-10,session,stop,2158.25,False,2016-10
1476192600,2016-10-11 09:30:00,ES,RR,wddrb_sigma_distribution,long,2149.75,2147.75,2153.75,2.0,4.0,-1.0,0.65,"['wddrb_mid_sigma', 'cluster_near_weekly']",2016-10-11,session,stop,2147.75,False,2016-10
1476452400,2016-10-14 09:40:00,ES,RR,cluster_rejection_fade,short,2139.75,2141.75,2135.625,2.0,4.125,-1.0,0.65,"['rejection_bias', 'cluster_confluence', 'cluster_near_weekly']",2016-10-14,session,stop,2141.75,False,2016-10
1477406100,2016-10-25 10:35:00,ES,RS,cluster_rejection_fade,long,2141.5,2139.5,2145.75,2.0,4.25,-1.0,0.65,"['rejection_bias', 'cluster_confluence', 'cluster_near_weekly']",2016-10-25,session,stop,2139.5,False,2016-10
1475764200,2016-10-06 10:30:00,ES,RS,wddrb_sigma_distribution,short,2146.5,2148.5,2140.875,2.0,5.625,-1.0,0.6000000000000001,"['wddrb_mid_sigma', 'model_down_bias', 'cluster_near_monthly']",2016-10-06,session,stop,2148.5,False,2016-10
1476116100,2016-10-10 12:15:00,ES,RS,wddrb_sigma_distribution,long,2158.75,2156.75,2163.5,2.0,4.75,-1.0,0.6000000000000001,"['wddrb_mid_sigma', 'model_up_bias', 'cluster_near_weekly']",2016-10-10,session,stop,2156.75,False,2016-10
1477575000,2016-10-27 09:30:00,ES,RR,wddrb_sigma_distribution,long,2140.0,2138.0,2142.25,2.0,2.25,-1.0,0.6000000000000001,"['wddrb_mid_sigma', 'model_up_bias', 'cluster_near_weekly']",2016-10-27,session,stop,2138.0,False,2016-10
1475677800,2016-10-05 10:30:00,ES,RS,wddrb_sigma_distribution,long,2153.25,2151.25,2155.75,2.0,2.5,-1.0,0.55,"['wddrb_mid_sigma', 'model_up_bias']",2016-10-05,session,stop,2151.25,False,2016-10
1476279000,2016-10-12 09:30:00,ES,RR,wddrb_sigma_distribution,long,2129.25,2127.25,2133.5,2.0,4.25,-1.0,0.55,"['wddrb_mid_sigma', 'model_up_bias']",2016-10-12,session,stop,2127.25,False,2016-10
1476711000,2016-10-17 09:30:00,ES,RR,wddrb_sigma_distribution,long,2127.5,2125.5,2130.0,2.0,2.5,-1.0,0.55,"['wddrb_mid_sigma', 'model_up_bias']",2016-10-17,session,stop,2125.5,False,2016-10
1477674000,2016-10-28 13:00:00,ES,RS,wddrb_sigma_distribution,long,2128.25,2126.25,2135.25,2.0,7.0,-1.0,0.55,"['wddrb_mid_sigma', 'model_up_bias']",2016-10-28,session,stop,2126.25,False,2016-10
1478097300,2016-11-02 10:35:00,ES,RS,wddrb_sigma_distribution,short,2101.25,2103.25,2092.625,2.0,8.625,4.3125,0.6,['wddrb_mid_sigma'],2016-11-02,session,target,2092.625,False,2016-11
1478183400,2016-11-03 10:30:00,ES,RS,cluster_rejection_fade,short,2096.5,2098.5,2088.375,2.0,8.125,4.0625,0.65,"['rejection_bias', 'cluster_confluence', 'cluster_near_monthly']",2016-11-03,session,target,2088.375,False,2016-11
1480347000,2016-11-28 10:30:00,ES,RS,cluster_rejection_fade,short,2207.5,2209.5,2202.0,2.0,5.5,2.75,0.65,"['rejection_bias', 'cluster_confluence', 'cluster_near_darkpool']",2016-11-28,session,target,2202.0,False,2016-11
1478010600,2016-11-01 10:30:00,ES,RS,wddrb_sigma_distribution,short,2117.5,2120.5,2110.5,3.0,7.0,2.3333333333333335,0.6000000000000001,"['wddrb_mid_sigma', 'model_down_bias', 'cluster_near_weekly']",2016-11-01,session,target,2110.5,False,2016-11
1479396600,2016-11-17 10:30:00,ES,RS,range_post_break_pullback,long,2177.25,2174.0,2189.0,3.25,11.75,2.1538461538461537,0.65,"['pullback_first_high', 'post_break', 'model_up_bias']",2016-11-17,session,timeout,2184.25,False,2016-11
1479917700,2016-11-23 11:15:00,ES,RS,wddrb_sigma_distribution,long,2195.0,2193.0,2199.25,2.0,4.25,2.125,0.55,"['wddrb_mid_sigma', 'model_up_bias']",2016-11-23,session,target,2199.25,False,2016-11
1479742500,2016-11-21 10:35:00,ES,RS,wddrb_sigma_distribution,long,2187.25,2185.25,2191.25,2.0,4.0,2.0,0.55,"['wddrb_mid_sigma', 'model_up_bias']",2016-11-21,session,target,2191.25,False,2016-11
1478615400,2016-11-08 09:30:00,ES,RR,wddrb_sigma_distribution,long,2120.75,2118.75,2123.25,2.0,2.5,1.25,0.65,"['wddrb_mid_sigma', 'cluster_near_weekly']",2016-11-08,session,target,2123.25,False,2016-11
1479314400,2016-11-16 11:40:00,ES,RS,wddrb_sigma_distribution,long,2171.0,2173.125,2176.25,2.125,5.25,1.0,0.7000000000000001,"['wddrb_mid_sigma', 'model_up_bias', 'cluster_near_darkpool']",2016-11-16,session,stop,2173.125,False,2016-11
1479846600,2016-11-22 15:30:00,ES,RS,wddrb_sigma_distribution,short,2200.5,2196.375,2187.125,4.125,13.375,1.0,0.6500000000000001,"['wddrb_mid_sigma', 'model_down_bias', 'cluster_near_weekly']",2016-11-22,session,stop,2196.375,False,2016-11
1478532600,2016-11-07 10:30:00,ES,RS,cluster_rejection_fade,short,2116.5,2112.375,2103.625,4.125,12.875,1.0,0.65,"['rejection_bias', 'cluster_confluence', 'cluster_near_weekly']",2016-11-07,session,stop,2112.375,False,2016-11
1478705400,2016-11-09 10:30:00,ES,RS,wddrb_sigma_distribution,long,2128.0,2130.0,2141.75,2.0,13.75,1.0,0.65,"['wddrb_mid_sigma', 'model_up_bias']",2016-11-09,session,stop,2130.0,False,2016-11
1479153300,2016-11-14 14:55:00,ES,RS,wddrb_sigma_distribution,short,2163.25,2160.125,2144.375,3.125,18.875,1.0,0.65,"['wddrb_mid_sigma', 'model_down_bias']",2016-11-14,session,stop,2160.125,False,2016-11
1479134100,2016-11-14 09:35:00,ES,RR,wddrb_sigma_distribution,long,2161.75,2164.375,2167.5,2.625,5.75,1.0,0.65,"['wddrb_mid_sigma', 'model_up_bias']",2016-11-14,session,stop,2164.375,False,2016-11
1478073600,2016-11-02 04:00:00,ES,OS,wddrb_sigma_distribution,long,2097.25,2108.25,2125.5,11.0,28.25,1.0,0.55,"['wddrb_mid_sigma', 'model_up_bias']",2016-11-02,session,stop,2108.25,False,2016-11
1479308100,2016-11-16 09:55:00,ES,RR,wddrb_sigma_distribution,long,2170.75,2168.75,2175.25,2.0,4.5,0.875,0.7000000000000001,"['wddrb_mid_sigma', 'model_up_bias', 'cluster_near_darkpool']",2016-11-16,session,timeout,2172.5,False,2016-11
1480411200,2016-11-29 04:20:00,ES,OS,cluster_rejection_fade,short,2205.0,2207.0,2192.625,2.0,12.375,0.875,0.65,"['rejection_bias', 'cluster_confluence', 'cluster_near_darkpool']",2016-11-29,session,timeout,2203.25,False,2016-11
1479479700,2016-11-18 09:35:00,ES,RR,wddrb_sigma_distribution,short,2184.75,2186.75,2181.125,2.0,3.625,0.75,0.6,['wddrb_mid_sigma'],2016-11-18,session,timeout,2183.25,False,2016-11
1480343400,2016-11-28 09:30:00,ES,RR,cluster_rejection_fade,short,2207.5,2209.5,2203.5,2.0,4.0,0.625,0.65,"['rejection_bias', 'cluster_confluence', 'cluster_near_darkpool']",2016-11-28,session,timeout,2206.25,False,2016-11
1478897400,2016-11-11 15:50:00,ES,RS,wddrb_sigma_distribution,short,2161.75,2155.25,2141.75,6.5,20.0,0.0,0.65,"['wddrb_mid_sigma', 'model_down_bias']",2016-11-11,session,no_data,2161.75,False,2016-11
1479741900,2016-11-21 10:25:00,ES,RR,wddrb_sigma_distribution,long,2186.5,2184.5,2191.25,2.0,4.75,0.0,0.65,"['wddrb_mid_sigma', 'model_up_bias']",2016-11-21,session,no_data,2186.5,False,2016-11
1478619000,2016-11-08 10:30:00,ES,RS,wddrb_sigma_distribution,short,2123.5,2125.5,2116.125,2.0,7.375,-1.0,0.7000000000000001,"['wddrb_mid_sigma', 'model_down_bias', 'cluster_near_weekly']",2016-11-08,session,stop,2125.5,False,2016-11
1478181000,2016-11-03 09:50:00,ES,RR,wddrb_sigma_distribution,long,2094.25,2092.25,2097.75,2.0,3.5,-1.0,0.65,"['wddrb_mid_sigma', 'model_up_bias']",2016-11-03,session,stop,2092.25,False,2016-11
1479915300,2016-11-23 10:35:00,ES,RS,wddrb_sigma_distribution,long,2196.25,2194.25,2199.25,2.0,3.0,-1.0,0.6000000000000001,"['wddrb_mid_sigma', 'model_up_bias']",2016-11-23,session,stop,2194.25,False,2016-11
1480410000,2016-11-29 04:00:00,ES,OS,wddrb_sigma_distribution,long,2204.0,2202.0,2209.5,2.0,5.5,-1.0,0.6000000000000001,"['wddrb_mid_sigma', 'model_up_bias', 'cluster_near_darkpool']",2016-11-29,session,stop,2202.0,False,2016-11
1478701800,2016-11-09 09:30:00,ES,RR,wddrb_sigma_distribution,long,2129.25,2126.75,2135.25,2.5,6.0,-1.0,0.55,"['wddrb_mid_sigma', 'model_up_bias']",2016-11-09,session,stop,2126.75,False,2016-11
1478878200,2016-11-11 10:30:00,ES,RS,wddrb_sigma_distribution,short,2155.25,2157.25,2147.5,2.0,7.75,-1.0,0.55,"['wddrb_mid_sigma', 'model_down_bias']",2016-11-11,session,stop,2157.25,False,2016-11
1481643000,2016-12-13 10:30:00,ES,RS,range_post_break_pullback,long,2265.75,2263.75,2281.75,2.0,16.0,3.0,0.7000000000000001,"['pullback_first_high', 'post_break', 'model_up_bias', 'cluster_near_darkpool']",2016-12-13,session,timeout,2271.75,False,2016-12
1483111800,2016-12-30 10:30:00,ES,RS,wddrb_sigma_distribution,short,2239.5,2243.125,2230.375,3.625,9.125,2.5172413793103448,0.55,"['wddrb_mid_sigma', 'model_down_bias']",2016-12-30,session,target,2230.375,False,2016-12
1480692600,2016-12-02 10:30:00,ES,RS,wddrb_sigma_distribution,long,2192.25,2190.25,2195.5,2.0,3.25,1.625,0.55,"['wddrb_mid_sigma', 'model_up_bias']",2016-12-02,session,target,2195.5,False,2016-12
1480948200,2016-12-05 09:30:00,ES,RR,wddrb_sigma_distribution,long,2199.25,2197.25,2201.75,2.0,2.5,1.25,0.7000000000000001,"['wddrb_mid_sigma', 'model_up_bias', 'cluster_near_monthly']",2016-12-05,session,target,2201.75,False,2016-12
1482251700,2016-12-20 11:35:00,ES,RS,wddrb_sigma_distribution,long,2264.75,2266.75,2269.5,2.0,4.75,1.0,0.7000000000000001,"['wddrb_mid_sigma', 'model_up_bias', 'cluster_near_weekly']",2016-12-20,session,stop,2266.75,False,2016-12
1483108200,2016-12-30 09:30:00,ES,RR,wddrb_sigma_distribution,long,2244.25,2246.375,2249.5,2.125,5.25,1.0,0.65,"['wddrb_mid_sigma', 'model_up_bias']",2016-12-30,session,stop,2246.375,False,2016-12
1480700100,2016-12-02 12:35:00,ES,RS,wddrb_sigma_distribution,long,2190.25,2193.25,2197.25,3.0,7.0,1.0,0.55,"['wddrb_mid_sigma', 'model_up_bias']",2016-12-02,session,stop,2193.25,False,2016-12
1481533200,2016-12-12 04:00:00,ES,OS,wddrb_sigma_distribution,short,2258.0,2253.75,2241.75,4.25,16.25,1.0,0.55,"['wddrb_mid_sigma', 'model_down_bias']",2016-12-12,session,stop,2253.75,False,2016-12
1481706000,2016-12-14 04:00:00,ES,OS,wddrb_sigma_distribution,long,2267.5,2271.5,2278.25,4.0,10.75,1.0,0.55,"['wddrb_mid_sigma', 'model_up_bias']",2016-12-14,session,stop,2271.5,False,2016-12
1481274000,2016-12-09 04:00:00,ES,OS,wddrb_sigma_distribution,long,2246.0,2244.0,2251.5,2.0,5.5,0.625,0.6000000000000001,"['wddrb_mid_sigma', 'model_up_bias']",2016-12-09,session,timeout,2247.25,False,2016-12
1482420600,2016-12-22 10:30:00,ES,RS,wddrb_sigma_distribution,short,2257.25,2259.25,2251.0,2.0,6.25,0.125,0.6500000000000001,"['wddrb_mid_sigma', 'model_down_bias', 'cluster_near_darkpool']",2016-12-22,session,timeout,2257.0,False,2016-12
1482421200,2016-12-22 10:40:00,ES,RS,wddrb_sigma_distribution,short,2256.5,2258.5,2251.0,2.0,5.5,-0.25,0.55,"['wddrb_mid_sigma', 'model_down_bias']",2016-12-22,session,timeout,2257.0,False,2016-12
1482857400,2016-12-27 11:50:00,ES,RS,range_post_break_pullback,long,2265.25,2262.0,2277.0,3.25,11.75,-0.3846153846153846,0.7000000000000001,"['pullback_first_high', 'post_break', 'model_up_bias', 'cluster_near_weekly']",2016-12-27,session,timeout,2264.0,False,2016-12
1482915600,2016-12-28 04:00:00,ES,OS,wddrb_sigma_distribution,short,2265.5,2267.5,2258.25,2.0,7.25,-0.5,0.6,['wddrb_mid_sigma'],2016-12-28,session,timeout,2266.5,False,2016-12
1481898900,2016-12-16 09:35:00,ES,RR,cluster_rejection_fade,long,2260.5,2258.5,2262.75,2.0,2.25,-1.0,0.7000000000000001,"['rejection_bias', 'cluster_confluence', 'model_up_bias', 'cluster_near_darkpool']",2016-12-16,session,stop,2258.5,False,2016-12
1482247800,2016-12-20 10:30:00,ES,RS,wddrb_sigma_distribution,long,2265.5,2263.5,2269.5,2.0,4.0,-1.0,0.7000000000000001,"['wddrb_mid_sigma', 'model_up_bias', 'cluster_near_weekly']",2016-12-20,session,stop,2263.5,False,2016-12
1480948800,2016-12-05 09:40:00,ES,RR,cluster_rejection_fade,short,2201.5,2203.5,2197.25,2.0,4.25,-1.0,0.65,"['rejection_bias', 'cluster_confluence', 'cluster_near_weekly']",2016-12-05,session,stop,2203.5,False,2016-12
1482507300,2016-12-23 10:35:00,ES,RS,wddrb_sigma_distribution,long,2256.5,2254.5,2258.5,2.0,2.0,-1.0,0.65,"['wddrb_mid_sigma', 'model_up_bias']",2016-12-23,session,stop,2254.5,False,2016-12
1480602600,2016-12-01 09:30:00,ES,RR,wddrb_sigma_distribution,long,2199.0,2197.0,2202.0,2.0,3.0,-1.0,0.6000000000000001,"['wddrb_mid_sigma', 'model_up_bias', 'cluster_near_monthly']",2016-12-01,session,stop,2197.0,False,2016-12
1481034600,2016-12-06 09:30:00,ES,RR,wddrb_sigma_distribution,long,2204.75,2202.75,2206.75,2.0,2.0,-1.0,0.6000000000000001,"['wddrb_mid_sigma', 'model_up_bias', 'cluster_near_weekly']",2016-12-06,session,stop,2202.75,False,2016-12
